file_name	title	date	title_page	pot_city_name
data_155.json	no_title	1746	"['Er0g.', 'dhe', 'CESARE', 'IN', 'EGITTO', 'DRAMMA', 'PER', 'MUSICA', 'Da', 'Rapprefentarfi', 'nel', '""Petro', 'GIUSTINIAN', 'di', 'S.', ""MOSE'"", '1', 'AvroNNO', 'DeL', 'Arno', '1746', 'IN', 'VENEZIAMPCCXLVI', 'Appeiò', 'Mopxsto', 'Fanzo:', 'con', 'LICENZA', 'DE', 'SUPERIORI', 'i', 'Da']"	[]
data_241.json	no_title	1798	"['|', 'Pokraeguio', 'ERNANDO', 'ei', 'Ms', '1798', 'NE', 'FERNANDO', 'NEL', 'MESSICO', 'DRAMMA', 'PER', 'MUSICA', 'NEL', 'TEATRO', 'VENIER', 'IN', 'SAN', 'BENEDETTO', 'I', 'Cammovale', ""dell'Anno"", '1798»', 'VENEZIA', '1798', 'aSr']"	['venezia']
data_6.json	no_title	[1829]	['Pi', 'vibra', 'li', 'gÉ', ';', 'PIA', 'E0RI', 'ADELAIDE', 'I', 'et', '%', '}', 'i', '}', 'È', 'BORGOGNA.', 'ì', 'è', '+', 'i', 'Ì', 'SASA', 'MADARA', 'ADELAIDE', 'DI', 'BORGOCNA', 'NELODRANDNA', 'SERIO', '1', 'DUE', 'ATTI', 'LUIGI', 'ROMANELLI', '.', 'musica', 'DI', 'PIETRO', 'GENERALI', 'DA', 'RAPPRESENTARSI', 'IN', 'VENEZIA', 'NEL', 'TEATRO', 'DI', 'SAN', 'BENEDETTO', 'LA', 'PRIMAVERA', '1839', 'VENEZIA', 'itza', 'Arr', 'ir.', 'NZZI,']	['venezia', 'venezia']
data_1013.json	no_title	1731	"['a', 'Solto', 'NA', 'CALVARIO.', 'COMPONIMENTO', 'SACRO', 'PER', 'MUSICA', 'APPLICATO', 'SS.', 'SEPOLCRO:', '£', 'canTATO', ""ÎNELL'AUGUSTISSIMA"", 'CAPPELLA', 'DELLA', 'SAC.CES.,', 'ECATT.', 'REAL', 'MAESTA', 'DI', 'CARLO', 'VI.', 'IMPERADORE', 'DE’', 'ROMANI', 'SEMPRE', 'AUGUSTO', ""L'ANNO"", 'MDCCX']"	[]
data_852.json	no_title	[1780]	"['ANFOSSI', 'LAVERA', 'COSTANZA', 'Ateo', ':', '|', 'LA', 'Miri', '|', 'COSTANZA', 'Dramma', 'giocofo', 'per', 'Mufica', 'DA', 'RAPPRESENTARSI', 'È', '“NEL', 'TEATRO', 'ZAGNONI', 'fi', 'TN', 'BOLOGNA', '|', ""L'Autunno"", ""dell'Anno"", '1780;', '{UP', 'arciere', 'ar,', 'e', '80', 'iz', 'CARDINALE', '(TGNAZIO', 'BONCOMPAGNI', '#', 'LUDOVISI', 'Degnifimo', 'Legato', 'a', 'Latere', '}', '‘di', 'queto', 'Cin.', '|', '_ase', 'Tio', 'Do', 'ez', 's', 'Root', 'pod', ',', 'Eninentiffmò', '3', 'e!', 'Reverendifimo', 'PRINCIPE.', 'N', 'vosimanto', 'maori', 'onore', 'di', 'confagrare', 'con', 'pro-', 'fondiffimo', 'offequio', 'all’', 'Eihza', 'Voftra', 'Revra', 'quefto', 'mio', 'fe-', 'condo', 'Dramma.', 'Il', 'generofo', 'aggradimento', 'con', 'cui', 'fi', 'degnò', 'Ar', 'da']"	['bologna', 'bologna']
data_743.json	no_title	1796	['AAT)', 'i', 'Poggi', 'D.', '7', 'CV', 'RIZI', '>90.', 'ra', 'DONNA', 'DI', 'GENIO', 'VOLUBILE', 'DI', 'GIOVANNI', 'BERTATI', 'Ner', 'Nositissimo', 'Taarto', 'GIUSTINIANI', 'IN', 'SAN', 'MOLISE', 'È', 'dovremmo', 'DELL', 'vio', 'rro6', 'Ror.0553.05', 'GITITIONR:1:', 'iobre', 'i»', 'vee', 'ee', 'darne', 'i', 'n', '43', '*', 'Ren', 'ERIN', '1;', 'MUTAZIONI', 'DI', 'SCENE,', 'UTTO', 'PRIMO:', 'Loggia', 'teen', 'aperta,', 'dala', 'quae', 'È', 'pot', 'el', 'ir', 'SEE', 'CONI,', 'dove', 'i', 'foods', 'ed', 'per', 'ATTO', 'SECONDO.', 'Logo', 'rimoo', 'dt', 'il', 'Palio', 'della', 'Cane.', '11', 'Seenrio', 'del', 'Sp.', 'Giulie', 'Casina.', '1', 'i', 'i', 'È', 'Î', 'È', 'REA']	[]
data_655.json	no_title	[1812]	"[""L'"", 'OCCASIONE', 'FA', 'IL', 'LADRO', 'BURLETTA', 'PEN', 'MUSICA', 'PER', 'LA', 'PRIMA', 'VOLTA', 'NEL', 'TEATRO', 'GIUSTINIANI', 'IN', 'SAN', ""MOISE'"", 'Nell', 'Autunno', ""dell'Anno"", '4813', 'Parole,', 'di', 'Luigi', 'Trivia.', 'Mucci', 'di', 'Giochino', 'Rosini,', 'Peieee.', 'IN', 'VENEZIA', 'Niaza', 'Stamezaza', 'Rissi9A']"	['venezia']
data_579.json	no_title	1765	"[""L'OLIMPIADE"", 'DRAMMA', 'PER', 'MUSICA', 'DA', 'RAPPRESENTARSI', 'NEL', 'REGIO', 'TEATRO', 'DI', 'TORINO', 'NEL', 'CARNOVALE', 'del', '1765.', 'ALLA', 'PRESENZA', '$.', 'Sa', 'Ri', 'M.', 'Prelfò', 'GASPARE.', 'ib', '‘della', 'Soci', ""de'"", 'Signori', 'Cavie.']"	['regio', 'torino', 'torino']
data_610.json	no_title	1797	['onum4rIs', 'PARONA:', 'i', 'PADRI:']	[]
data_586.json	no_title	[1803]	"['W18', ""L'"", 'AMANTE', 'ANONIMO', 'FARSA', 'GIOCOSA', 'PER', 'MUSICA', 'DI', 'GIUSEPPE', 'FOPPA', 'f', 'DA', 'RAPPRESENTARSI', 'NEL', 'NOBILISSIMO', 'TEATRO', 'IN', 'SAN', 'MOISE', ""L'"", 'dstunso', ""dell'Anno"", '1803.', 'dana', 'IN', 'VENEZIA', 'PER', 'IL', 'CASALI', 'Con', 'Bifmissione.']"	['venezia']
data_312.json	no_title	[1830]	['FELLINI', 'EDI', 'Lollo,', 'S', '+', 'dlsrtio', 'la', '1', 'CORUTEI', 'I', 'MONTECCHI', 'TRAGEDIA', 'LIRICA', 'NEL', 'GRAN', 'TEATRO', 'LA', 'FENICE', '2', 'Camonale', 'del', 'ano', '1830', 'tv', 'VENEZIA', 'Paiza', 'uroonana', 'cast.', 'dA']	['venezia']
data_633.json	no_title	no_year	"['L’', 'INCOGNITA', 'PERSEGUITATA', 'DRAMMA', 'GIOCOSO', 'PER', 'MUSICA', 'Da', 'Rapprefentafi', 'Ne', 'NomLe', 'Tearro', 'pi', 'Upive', 'Il', 'Camovale', '1780,', 'UMILIATO', 'ALLE', 'GENTILI', 'NOBILIS<.""*', 'DAME,', 'ED', 'EGREGJ', 'NOBILISs.""', 'CAVALIERI', 'DI', 'DETTA', 'CITTA.', 'E', 'GRA', 'In', 'UDINE,', 'per', 'li', 'Frateli', 'Murero.', 'CON', 'LICENZA', 'DE', 'SUPERIORI.']"	[]
data_1092.json	no_title	[1787]	[]	[]
data_926.json	no_title	1891	['g', '=', '=', 'Sb', '“=', '3', '£', 'IT']	[]
data_1064.json	no_title	no_year	"['[erre', 'e', '|', 'TANCREDI', 'È.', 'DRAMMA', 'PER', 'MUSICA', '»', 'DA', 'NAFPRESENTARSI', 'NEL', 'REGIO', 'TEATRO', 'DI', 'TORINO', 'NEL', 'CARNOVALE', 'del', '1767,', 'ALLA', 'PRESENZA', 'S.S,', 'R.M,', 'IN', 'TORINO,', 'NELLA', 'STAMPERIA', 'REALE:', 'e', 'TI', '2', 'ii', 'di', 'oc', 'Degli', 'de', 'Soi', '""doti', 'a', 're']"	['regio', 'torino', 'torino']
data_291.json	no_title	1783	"['ELI', 'AMANTI', 'ALLA', 'PROVA', 'DRAMMA', 'GIOCOSO', 'PER', 'MUSICA', 'DI', 'GIOVANNI', 'BERTATI', 'DA', 'RAPPRESENTARSI', 'NEL', 'TEATRO', 'GIUSTINIANI', 'IN', 'SAN', ""MOISE'"", 'PERLA', 'PRIMA', 'OPERA', 'DEL', 'GARNOVALE', 'at', 'IN', 'VENEZIA,', 'MDCCLXXXUT']"	[]
data_565.json	no_title	1729	"['DRAMMA', 'PER', 'MUSICA', 'Da', 'rapprefentarii', 'IN', 'LIVORNO', 'NEL', 'TEATRO.', 'È', 'DI', '$.', 'SEBASTIANO', 'Nel', 'prefente', 'Autunno', 'dell’', 'Anno', '1729»', 'SOTTO', 'LA', 'PROTEZIONE', ""Dell'Altezza"", 'Reale', 'del', 'Serenifie', 'IN', 'LUCCA', '19', '—r', 'Domenico', 'Giuffetti,', 'coN', 'LICENZA', 'DE', '“sp', 'BOT', 'prendiamo', ""l'ardire"", 'col', 'più', 'umile', 'offequio', 'di', 'prefentare', 'a', 'V.A.R.', 'il', 'S)', 'Dramma', 'intitolato', ""L'"", 'p', 'ERNELINDA', 'per', 'ri-', 'pa', 'Suo', 'Real', 'Patrocinio', 'quel-', 'la', 'benignisfima,', 'ed', 'autorevole', 'Protezione,', 'con', 'la', 'quale', 'polsarafitito', 'dalla', 'di', 'Le', 'Sovr']"	['livorno', 'livorno', 'lucca', 'lucca']
data_64.json	no_title	1755	"['ANTIGONA', 'IN', 'TEBE', 'DRAMMA', 'PER', 'MUSICA', 'DA', 'RAPPRESENTARSI', 'Nel', 'Real', 'Teatro', 'di', 'S.', 'Carlo', ""nell'ERR"", ""dell'anno"", '1755.', 'ALLA', 'MAESTÀ', 'DEL', 'RÉ', 'NOSTRO', 'INVITTO', 'SOVRANO', 'DEDICATO,', 'TN', 'NAPOLI', 'MPCCLY,', 'Pra', 'Domenico', 'Laxciiyo', 'cn', 'ie', 'Rotio%ki', 'SACRA', 'REAL', 'MAESTA”', 'SIGNORE:', 'Fferifco', 'je', '\\prefento', 'il', 'Drama', 'dek', 'PAxrigona', 'alla', 'M.V.;', 'incuiri-', 'fplendono', 'alcune', 'di', 'quelle', 'eroiche', 'virtù,', 'le', 'quali', 'in', 'numero', 'aa', 'ab']"	['napoli', 'napoli']
data_749.json	no_title	1690	"['ZIANI', 'MA.', 'LA', 'FALSIRENA', 'Ù', 'DRAMA', 'PER', 'MUSICA', 'Di', 'Rapprefentarti', 'nel', 'Testro', ""diS'Angelol'Anno"", '1650.', 'DI', 'D.', 'RINALDO', 'CIALLI.', 'coNsacraTA', 'CE', 'eMalezasoiia', 'e', ';', 'CE']"	[]
data_745.json	no_title	1796	"['LA', 'DONNA', 'INNAMORATA', 'DI', 'GIOVANNI', 'BERTATI', 'Catia', 'i', '3', 'AA', 'da', 'parare', 'Nes', 'Nesisissno', 'Tiarno', 'GIUSTINIANI', 'IN', 'SAN', 'MOISE', 'HI', 'Carovale', ""dell'Anno"", '1796', 'liazinzai', 'Sele', 'sere', 'in', 'venezia', 'ih', 'RAL.04-86,03', 'va!', 'aretino', '3', 'è', 'a', 'cervice', 'oa', 'pra.', 'La', 'Scena', 'è', 'in', 'Cd', 'la', 'Cfa', 'di', 'D.', 'tres', 'La', 'Mag', 'è', '2', 'cre', 'Petr', 'Sir', '“dome', 'Ne']"	['venezia']
data_795.json	no_title	1797	"['Ai', 'lg', 'ki', '(iste', '1747;', 'LA', 'MOGLIE', 'CAPRICCIOSA', 'Dranama', 'giocofo', 'per', 'Mufica', 'dn', 'aironesderAnsi', 'U', 'iN', 'SENIGALLIA', 'NEL', 'TEATRO', 'DE', 'SIGNORI', 'CONDOMINI', 'Nella,', 'Fiera,', ""dell'Anno"", '1797,', 'Ù', 'via', 'po', '4', 'sui', 'Beclivza', 'Ri', 'Mionfigine', 'FERDINANDO', 'SALUZZO', 'E', 'iStapENTI', 'DI', 'VABINO=', 'LESUT', 'c', 'BINIGAGLIA,', 'MDUEREVIL', 'EI', 'LAZZARIBI', 'con', 'riniiioe']"	['senigallia', 'senigallia', 'saluzzo']
data_17.json	no_title	1787	"['AGESTLAO', 'DRAMMA', 'PER', 'MUSICA', 'DA', 'RAPPRESENTARE', 'È', 'wii', 'Nositissimo', 'reato', 'IV', 'EN', 'LE', 'R', 'IN', 'SAN', 'BENEDETTO', 'iL', 'CARNOVALE', ""DELL'ANNO"", '107.8', 'Spr', 'i', 'n', 'in', 'veNEZIA,', 'MDCCLXXXVIL', 'porno', '‘Arenesso', 'Mopisto', 'Frnzo;']"	[]
data_895.json	no_title	no_year	['op.', 'e', 'qian', 'Aaimondo', 'Derponti', 'Ae', 'A', 'Banardini', 'LEONORA', 'A.', 'ZANARDINI', 'GIAN', 'RAIMONDO', 'SERPONTI', 'IVENEZIA', '-', 'TEATRO', 'LA', 'FENICE', 'Conai', '18886,', 'Ing', 'PIOVTRLII', 'RO.']	[]
data_356.json	no_title	1720	"['IL', 'FILINDO', 'Paforale', 'Eroica', 'per', 'Mafica', 'DA', 'RAPPRESENTARSI', 'Nel', 'Teatro', 'Giuftiniano', 'di', '$.', 'Moisè.', ""L'Antunno"", ""dell'emo"", 'MDECKX.', 'DEDICATO', '‘AI', 'Signor', 'CONTE', 'GIAN-AGOSTINO', 'BERO""', 'VENEZIA,', 'MDCCXX.', 'A', 'ppreo', 'Marino', 'Roffi', 'in', 'Merzera', 'Pe', 'ia', 'de', 'Pe', 'e', 'Con', 'Licenza', ""de'"", 'Superiori.']"	['marino', 'marino', 'marino']
data_236.json	no_title	1724	"['iL', '0650.', '08', '\\FARNACE', 'Dramma', 'per', 'Mufica', 'pa', 'necimanzi', 'NEL', 'TEATRO', 'ALIBERT', ""Pe'l"", 'Carnevale', ""dell'Anno"", 'MDCCXXIVI', 'DEDICATO', 'ALLA', 'MAESTA', 'È', 'DI', 'GIACOMO', 'II', '.', 'Rè', ""d'Inghilterra"", '&c', 'Gen', 'Bicenea', 'de', 'Sapri', 'fa-06s0.', '6', '|', 'con', 'degnarlo', ""dell'alta"", 'fa', 'prote-', 'gione', ':', 'e', 'perciò', 'Noî', 'fommamente', 'ambiziofi', 'di', 'confervargli', '‘il', 'vane', 'i', 'Aa', 'tage']"	[]
data_201.json	no_title	[1835]	['ELENA', 'E', 'MALVIR,', 'DRAMMA', 'BUFFO', 'iN', 'DUE', 'ATTI', 'DA', 'RAPPRESENTARSI', 'NEL', 'TEATRO', 'S.', 'BENEDETTO', '1', 'AUTUNNO', '4835', 'Musica', 'del', 'Sig.', 'Maestro', 'EGISTO', 'VIGNOZZI', 'VENEZIA', 'NELLA', 'ROTT.', 'TIPOGRAFIA', 'IIZZI,', '«i']	['venezia']
data_881.json	no_title	1657	[]	[]
data_41.json	no_title	[1854]	['AMLETO', 'TRAGEDIA', 'LIRICA', 'IN', 'QUATTRO', 'ATTI', 'parole', 'e', 'musica', 'DI', 'A.', 'ZANARDI', 'NEL', 'TEATRO', 'GALLO', 'AS.', 'BENEDETTO', 'uil', 'Bagione', 'N', 'Pi', 'E', 'venezia', 'iso']	['venezia']
data_1065.json	no_title	[1830]	['‘(TEBALDO', 'ISOLINA', 'MELO', '-', 'DRAMMA', 'EROICO', 'TEATRO', 'A', 'SAN', 'BENEDETTO', 'La', 'Primavera', 'ito.', 'Poeda', 'di', 'ROSSI.', 'litica', 'di', 'MORLAGCHI,', 'Primo.', 'Marsi', 'di', 'Cope', 'dl', '5', 'il', 'e', 'di', 'fnveni', 'en', 'VENEZIA', 'el', 'Edit,', 'Tp.', 'Rizcî.']	['venezia']
data_425.json	no_title	1793	"['TU', 'GE', ""L'O.S-0"", 'IN', 'CIMENTO', 'DRAMMA', 'GIOCOSO', 'PER', 'MUSICA', 'DA', 'RAPPRESENTARSI', 'TEN', ""*L'U'CCA"", 'NEL', 'TEATRO', 'ALLA', 'PANTERA', 'NEL', 'PROSSIMO', 'CARNEVALE', ""pett'"", 'Anno', '1798.', 'DEDICATO', 'AL', 'MERITO', 'SEMmRE', 'GRANDE', 'DELLA', 'NOBIL', 'DONNA', 'LA', 'SIGNORA', 'LUISA', 'ARNOLFINI', 'BURLAMACCHI.', 'Ci', 'LUCCA', 'MDCCXCII.', 'ronsumosoazonaronconanE', 'Presso', 'Francxsco', 'Bonsicnoni', ')(', 'Con', 'Apr.']"	['lucca', 'lucca']
data_37.json	no_title	1709	"['AMA', 'PIU’', 'CHI', 'MEN', 'SI', 'CREDE', 'Melodrama', 'Paftorale', 'Da', 'Rapprefentarfi', 'nel', 'Famofif', 'fimo', 'Teatro', 'Grimani', 'di', '$.Gio:', 'Grifoftomo', ""Nell'Avtunno"", 'M.DCCIX.', 'CONSAGRATO', 'All', 'Mufirif.', '&', 'Eccell.Sig.', 'FEDERICO', 'CORNARO:-', 'DA', 'FRANCESCO', 'SILVANI.', 'ci', 'IN', 'VENEZIA', ',', 'M.', 'DCCIX.', 'Apprelfo', 'Marino', 'Rofettiin', 'Merceria,', 'all’', 'Iafegna', 'della', 'Pace.', 'Con', 'Licenza', 'de', 'Superiori', 'Pri']"	['venezia', 'marino', 'marino', 'marino']
data_627.json	no_title	1799	"['a', 'Pi.', 'x', 'N', ',', '(qL', '4', '*', 'L’IMPRESARIO', 'BURLATO', '‘DRAMMA', 'GIOCOSO', 'PER', 'MUsIcA', 'DA', 'RAPPaSSENANT', 'NEL', 'NOBILE', 'TEATRO', 'ONIGO', 'DI', 'TREVISO', ""L'Avtonso"", '17991', 'Dedicato', 'AP', 'Ilenia', 'Sigur', 'ANTONIO', 'BROCCHI', 'Rogio', 'Delegico', 'di', 'Polis.', 'de', 'IN', 'VENEZIA', '1799""', 'Narra', 'spamiznia', 'Fano.', 'Con', 'Serra', 'ppi.', 'Ri', 'SE', '10351975]', 'pipi', 'oi', 'sentiti', '+', 'a', 'acer', 'prato', 'Ar', 'à', 'Seningie', 'anni', '""n', 'è', 'atalistnassoto', 'soon:', 'Are', 'De', 'a', '-', ""L'"", 'sipresorio', 'Burtato', 'è', '>', 'Dramma', 'Giocoso,', 'che', 'pet', 'îl', 'pri', 'mo', 'bo', ""l'alto"", 'onore', 'di', 'esporre', 'su', 'Miele', 'ilSime.', 'La', 'Virrà,', '1a', 'Glemeigo,', 'di', 'la', 'Giavtizio-coso', 'fis', '(3']"	['treviso', 'treviso', 'venezia', 'prato', 'prato']
data_223.json	no_title	1792	"['NASOLINI', 'EUGENIA', 'naz', 'Ì', 'Î', '“irvceni', 'Sn', 'iano', 'Ridesto', 'a', 'Profa,', 'e', 'Mufica', 'DA', 'GIUSEPPE', 'FOPPA', 'duri', 'VENE', 'IN', 'SAN', 'BENEDETTO', ""r'Avromso"", 'pete’', 'Amo', 'na.', '“d&', 'IN', 'VENEZIA,', '17', 'Arrzesso', 'Moprsto', 'Fenzo.', 'CON', 'LE', 'DEITE', 'PERMISSION.']"	[]
data_1054.json	no_title	[1727?]	"[""RE'"", 'DI', 'PERSIA', '|', 'Drama', 'per', 'Mufica', 'na', 'sapraeseNTAnSI', 'Nel', 'Teatro', 'detto', 'delle', 'Dame', 'Nel', 'Carnovale', 'dell’', 'anno', '1727.', 'PRESENTATO', 'ALLA', 'MaI', 'CLEMENTINA', 'Regina', 'della', 'Gran', 'Bret-', '|', 'tagna', 'rc.', 'po', 'L09402', '|', 'ERMES', 'Va', 'npo', 'i/', 'noffro', '|,', 'primo', 'Drama', 'del', 'prefente', 'anno', 'l', 'goduto', ""l'onore"", 'di', 'comparire', 'alla', 'ice', 'forno', 'gli', 'autorevoli', 'Aufpicj', 'del', 'Rè', 'conforte', 'di', 'Y.M.,', 'par', '|', 'den', 'giuflo,', 'che', 'quieto', 'fecondo', 'mn', '6-9']"	[]
data_643.json	no_title	1717	"['Parcadeti', 'Gf,', 'Liunacenza', 'Rtosciori', '4747', 'Wa.', ""L'INNOCENZA"", 'RICONOSCIUTA', 'Drama', 'per', 'Mufica', 'DA', 'RAPPRESENTARSI', 'Nel', 'Teatro', 'di', ""Sant'Angelo”"", ""L'Astunno"", ""dell'Anno"", 'MDCCXVIL', 'IN', 'VENEZIA;', 'MDCCKVIT:', 'Apprelo', 'Marino', 'Raff,', 'in', 'Mercer', 'infegna', 'della', 'Pace.', 'Con', 'Licenza', 'deSeporiori,', 'è', 'Privilgoi']"	['marino', 'marino', 'marino']
data_948.json	no_title	1772	"['MOTEZUMA', 'DRAMMA', 'PER', 'MUSICA', 'DA', 'RAPIRESENTARSI', 'NEL', 'NOBILISSIMO', 'TEATRO', 'DI', 'SSBENEDETTO', 'PER', 'LA', 'FIERA', 'DELL’', 'ASCENSIONE', ""Dell'"", 'Anno', '1778.', 'anti', 'x', 'IN', 'VENEZIA,', 'MDCCLXXIIL', 'Prefo', 'Monesto', 'Fenzo.', 'Con', 'Licenza', 'del', 'aperti.', 'SANA']"	[]
data_936.json	no_title	1726	"['TESTA""', '<=', '-eroe', 'MEDEA', 'GIASONE', '|', 'Drama', 'per', 'Mufica', '|', '|', '|', 'Da', 'Rapprefentarfî', 'nel', 'Teatro', '""i', 'Surdagdo', 'Nel', 'Carnoyale', ""dell'Anno"", '1736.', 'IN', 'VENEZIA,', 'M.DCCXXVI.', '‘Appello', 'Marino', 'Rolfti', 'io', 'Mercer', 'PPre', ""l'Infegos"", 'della', 'Pace.', 'Con', 'Licenza', 'de', 'Sap,', 'Privo', 'i']"	['marino', 'marino', 'marino']
data_383.json	no_title	1686	['Rossi', 'Frate?', 'He', 'defi', 'vili', 'dl', 'bia', '1644', 'Hut']	[]
data_780.json	no_title	1793	"['Ba', 'LR', 'LANTERNA', 'DI', 'DIOGENE', 'DRAMOATA', 'PER', 'AsusICA', 'Arca', 'i', 'i', 'DA', 'NICCOLO', 'LIPRANDI', 'Nei', 'ire', 'DI', 'SAN', 'SAMUELE', '1°', 'Autnno', ""dell'Aeno"", '179.', 'IN', 'VENEZIA,']"	[]
data_593.json	no_title	1688	['“PALbieno', 'Amazon', 'CORSA', '1689']	[]
data_116.json	no_title	1696	"['BA', '1)', 'LIO', 'DORIENTE', 'Dramma', 'per', 'Mufica', 'da', 'de', 'nel', 'Teatro', 'à', 'S.', 'CASS,', 'nov»', 'smente', 'aperto!', 'Ò', 'Vo”', ""d'Opere"", ""l'Anno"", '1696.', 'CONSACRATO', ""ALL'ALTEZZA"", 'SERENISSIMA', '|', 'SRG', 'JE', 'DVCA', 'DI', 'MODONA,', 'PEGIO,', '&c,', 'DEE', 'IN', 'VENETIA,', 'FIA,', 'MDC.XCVI.', 'Per', 'il', 'Nicolini.', '—', 'Con', 'Licenza', 'de', 'Superiori,', 'e', 'Priileggio.']"	[]
data_587.json	no_title	1770	"['L', 'AMANTE', 'CHE', 'SPENDE', '""le', 'ruppe', 'NEL', 'TRATRO', 'GIUSTINIANI', 'iS', 'MODE', 'VENEZIA', 'MDCCLXX', 'Prello', 'Antonio', 'Grazioîi']"	['venezia']
data_937.json	no_title	1676	['GZAMETTINI', 'MEDEA', 'JN', 'ATENE', '(6,', '76', '|', 'MEDEA', 'IN', 'ATENE', 'MEDEA', 'Ì', 'IN', 'ATENE', '|', 'DRAMA', 'PER', 'MYSICA]', '|', '||', 'NetTeatrozaneàg.Moise', 'DI', 'AVRELIO', 'AVRELI', 'Opera', 'Decima', 'ottina.', 'lconsacRrATO', 'dititapofo', '&', 'Eealtovif:', 'Sg', 'LA', 'LESSANDRO', 'CONTARINI', 'IMPERIALE', 'Procurator', 'di', 'San', 'Marco.']	[]
data_786.json	no_title	[1773]	['Ir', 'da', 'i', 'È', 'OCANDA', 'DA', 'RArrRESENTARSI', 'è', 'NEL', 'TEATRO', 'DA', 'S.', 'A', 'RIA', 'Il', 'Carnovale', 'dell’', 'Anno', '1773;', 'DEDICATO', 'È', 'ALLE', 'NOBILIS', 'DAME}', 'ù', 'È', 'NODILISSIMI', 'CAVALIERI', 'RI', 'RIVRRRRIOLIAIIIAAGAI', 'Prelio', 'Bernar:', 'ia', 'Caoneto,', 'Con', 'licena', 'de', 'Superiori.', 'REZE', 'Mazza:', '9']	[]
data_659.json	no_title	1751	['Drama', 'Giocoro', 'per', 'Musica', 'Da', 'rappresentarsi', 'Nel', 'Teatro', 'GIUSTINIANI', '|', 'DI', 'SMOISE', '|', 'nel', 'Camovale']	[]
data_808.json	no_title	no_year	"['NOTTE', 'PERIGLIOSA', 'FARSA', '1', 'GOMPOSTA', 'DAL', 'SIG.', 'LUIGI', 'CASARINE', 'seossazianelià', '""DAL', 'SIG.', 'CONTE', 'ANTONIO', 'MIARI', 'DA', 'ESEGUIRSI', 'IN', 'CASA', 'DEL', 'N.', 'H.', 'SIG.', 'apra', 'enizzo', 'tv', 'un', '1', 'gordso', 'Lire', 'È', 'bc', '_eaneziay', 'Note', 'A', '18', 'fdt', 'PERSONAGGI', 'ai', 'coni', '4', 'de', '1A', 'RAS', 'n', 'cm', 'an', 'pani', '2A', 'DEVIL', 'ii', 'Re', 'fl', 'GIULIA', 'rn,', 'Sp', 'Tn', 'Lion', 'pon', 'ELET', 'ritto,', 'Gen', 'cia', 'n', 'È', 'sr', 'vai', 'aa', '1', 'I', '{RMEITAAR)', 'ed', 'Direttore', 'dll', 'Mica,', 'como', '11', 'SID.', 'CABSTRO', 'SRMAGONA', 'HAM', 'sa', '1', 'a', 'ES', 'A']"	['coni', 'como', 'como']
data_341.json	no_title	1716	"['IL', 'CIRO', 'DRAMA', 'PER', 'MUSICA', 'Da', 'rapprefontarfi', 'nel', 'Teatro', ""dell'Il-"", 'Iultriffimo', 'Pubblico', 'di', 'Reggio', 'in', 'occalione', 'della', 'Fiera', ""l'Anno"", 'MDCCXVI', 'Dedicato', 'all', 'Altezza', 'Serenifima', 'RINALDO', 'I:', 'DUGA', 'di', 'Reggio,', 'Modona,', 'idola,']"	['reggio']
data_978.json	no_title	1767	"['PARTENOPE', 'FESTA', 'TEATRALE', 'PER', 'MUSICA', 'DEL', 'SIG.', 'AB.', 'PIETRO', 'METASTASIO', 'Porta', 'Crsanro', 'Da', 'rapprefentarfi', ""nell'Imperia?"", 'Regio.', 'Teatro', 'di', 'Vienna', 'P', 'Anno', '1767.', 'LIVORNO', '1767.', 'Per', 'Marco', 'Colcllni', 'in', 'Via', 'Grande', 'Can', 'Apprecazione']"	['livorno', 'livorno']
data_447.json	no_title	1784	"['ALMA', 'TRIAONO', 'PA', 'ANAANO', 'WE,', '(Sreprrsadi', 'at', 'lia)', 'Capi', 'fo', '1h', 'Mery', 'fano', 'P', 'IL', 'MATRIMONIO', 'PER', 'INGANNO', 'DRAMMA.', 'GIOCOSO.', 'PER', 'MUSICA', 'Da', 'vapprefensarfi', 'in', 'Ferrara', 'Nel', 'Teatro', 'del', 'Nebil', 'Uomo', '516.', 'CONTE', 'PINAMONTE', 'BUONACOSSI', ""T'Autuono"", ""dell'Anno"", '1784', 'Dedicato', 'sil', 'An', 'Rito', 'Pipe', 'IL', 'SIG.', 'CARDINALE', 'FRANCESCO', 'CARAFA', 'DE', 'pvoni', 'Di', 'uaritio»', 'prato', 'DI', 'DErTA', 'Creed”', 'fc', 'fc.', 'Erfio,e', 'Ro', 'Principe:', 'Lei', 'molte', 'anrenziche', 'prove', 'dell', 'incomparabile', 'benignità', 'e', 'generofi-', '#à', ""d'animozche"", 'da', 'Voi,', 'EMINEN:', 'TiSSIMO', ',', 'e', 'REVERENDISSIMO', 'Paincie', 'yabbiemo', 'rifcoffe,', 'ci', 'dan-', 'no', 'maggiormente', 'coreggio', 'di', 'confe', 'erarvi', 'il', 'prefente', 'Dramma', 'Giocofo', ',_', 'ficuri', 'che', 'non', 'folamente', 'accogliere»', 'fe', 'quo:', 'fincero', '‘vmiliffimo', 'vi', 'de']"	['fano', 'fano', 'ferrara', 'ferrara', 'prato', 'prato', 'coreggio']
data_639.json	no_title	1688	"['Riasi', 'Waveantoyao', 'Ve', 'regnanti:', 'ali', 'Hg', 'A60', ""L'INGANNO"", 'REGNANTE,', '|', 'ovERO', '|', ""|L'ATANAGILDA"", '|', '||', 'REGINADI', 'GOTTIA,', '|', 'DRAMA', 'PERMISICA', 'Da', 'Rapprefentasi', 'nel', 'Famofitsimo', 'Ì', '""Teatro', 'Grimano', 'di', 'SS.Gioré', 'Paulo', '[DI', 'GIVLIO', 'CESARE', 'CORRADI', '|', 'consacrato', ""Al'AsizzaSererifima"", ""D'ERNESTO"", 'AVGVSTO]', 'Duca', 'di', 'Branfvich', 'Luneburgo,', 'la', 'Prencipe', ""d'OMmabru.h,"", 'ke,', 'SERENISSIMA', 'ALTEZZA.', 'fg', 'A', 'maggior', 'Poîtii;', 'che', 'DY', 'potfano', 'hauere', 'quel?', 'SUR', 'Aono', 'le', 'Dramatiches', 'SQ]', 'mic', 'Rime,', 'fiè', ""l'acqui-"", 'fto', 'del', 'Signor', 'Nicolas', 'Paris,', 'Cigno', 'Famofo', 'di', 'V.A.S.', 'per', 'bocca', 'di', 'cui', 'deuono', 'elser', 'publicate', 'RARO', 'a', 'falle']"	[]
data_990.json	no_title	1690	"['26)', 'Zevio', 'TS:', 'GA', 'SPARO', '|', 'DE', 'LVCA', '|', 'TO.', '06749)', 'ILL', 'VSTRISSIMO,', '&', 'Eccellentifimo', 'Signore.', 'Su', 'Ve', 'Rè', 'famofe', ""nell'armi"", 'PIR-', 'RO', ';', 'e', 'DE-', 'MET', 'RIO,', 'vengono', 'è', 'ri-', 'i', 'fotto', ""l'ombra"", 'gene', 'az', 'rofa']"	[]
data_15.json	no_title	1781	"['ADRIANO', 'IN', 'SIRIA.', 'Rapprefintato', 'con', 'Mifica', 'del', 'CA.', 'DARA', 'la', 'prima', 'volta', 'in', 'Vienna', 'nell', 'interno', 'gram', 'testro', 'della:', 'Cor', 'gione', 'di', 'mi', 'i', 'gultifimi', 'Svorani', 'il', 'dì', '4', 'Novem-', 'bre', '1731', '»', 'per', 'fofegiare', 'il', 'nome', 'dell', 'Imperator', 'CARLO', 'VI,', ""d'ordi»"", 'ne', 'dellImperatrice', 'ELISABETTA:', '_——_——+']"	[]
data_1067.json	no_title	1797	"['MAYR', 'TELEMACO', ""WELL'ISOLA"", 'DI', ""caL'nso"", '7795', 'TELEMACO', ""NELL'ISOLA"", 'DI', 'CALA', 'PESO', 'pi', 'DRAMMA', 'PER', 'MUSICA', 'Dai', 'simon', 'SO)', 'GR', 'AE', '%', 'POETA', 'DEL', 'RosLISSIO', 'TEATRO,', 'LA', 'FENICE', 'SANT', 'ANGELO', 'COMPOSTA', 'PER', 'IL', 'TELTRO', 'SUDETTO', 'DER', 'IL', 'CARNOVALE', '1797.', 'di', 'ae', 'N', 'Nesta', 'Sta', 'COLLE', 'DEBITE', 'PERMISSIONI.', 'VENEZIA']"	['venezia']
data_65.json	no_title	1773	"['ANTIGONA', 'TRAGEDIA', 'PER', 'MUSICA', 'DI', 'MARCO', 'COLTELLINI', '|', 'CATERINA', 'SECONDA', 'FITTE', 'LE', 'RUSSIE', 'IMPERATRICE', 'DI', '5', ""NELL'IMPERIAL"", 'TEATRO', 'È', 'STA', 'DI', 'Sr.', 'PIETROBURGO', 'IN', 'sr.', 'PIETROBURGO', 'Nella', 'Sampei', ""dell'Accademia"", 'delle', 'Scienze.', 'Rot.0632.09', 'ALLA', 'NOBIL', 'DONNA', 'LA', 'SIGNORA', 'conTESSA', 'Ì', 'FIORDISPINA', 'GRAZIANI', 'Il', 'PER', 'MARITAGGIO', ""GIA'"", 'LAPARELLI,', '|', 'TOMMASI', 'BOSCIA.', 'Lovovico', 'Courativt', 'Î', 'I', 'Ofiretto', 'Vincolo', 'di', 'Sangue,', 'che', 'mî', 'unifce', ""all'Autore"", 'della.', 'prefente', 'Ì', 'Tragedia,', ""l'Appliufo"", 'che', 'incontrò,', 'cd', '2', 'Pietroburgo,', 'ed', 'altrove', ',', 'il:', 'vanriggiofo', 'Giu.']"	[]
data_917.json	no_title	[1780]	[]	[]
data_858.json	no_title	1805	['VERGINE', 'DEL', 'SOLE', 'DRAMMA', 'PER', 'MUSICA', 'è', '0|', 'see', 'nomsissio', 'rimmo', '©', '|', 'o|', 'LA', 'FENICE', 'ol', 'ner', 'carnovare', 'bon', 'ET', 'TETIGI', '°', 'La', 'lita', 'dei', 'Sig.', 'Farini', 'IN', 'VENEZIA,', 'ò', 'INELLASTAMPERIA', 'DI', 'VINCENZO', 'RIZZI']	[]
data_1053.json	no_title	1733	['|', 'SIROE', 'RE', 'DIPERSIA', '|', 'DRAMMA:', 'PER', 'MUSICA', 'DA', 'RAPPRESENTARSE', 'NEL', 'TEATRO', 'MALVEZZI', 'LA', 'PRIMAVERA', 'DELL’', 'ANNO', 'M', 'DOC', 'ARAIIL']	[]
data_406.json	no_title	1777	['cALLecAat', 'i', 'LCONVITATO', 'È', 'DI', 'PIETRA', '(1777', 'Ì', 'Î']	[]
data_462.json	no_title	1799	['Egna', 'TRATTO', 'SABINE', '1890', 'iL', 'RATTO', 'DELLE', 'SABINE', 'DRAMMA', 'PER', 'MUSICA', 'DI', 'GAETANO', 'ROSSI', 'DA', 'RAPPRESENTARSI', 'vat', 'Nonuissimo', 'Tearo', 'LA', 'FENICE', 'Per', 'Prima', 'del', 'Cornewale', '1890.', 'IN', 'VENEZIA,', '1799', 'CON', 'PERMISSIONE,']	[]
data_1106.json	no_title	1722	[]	[]
data_313.json	no_title	no_year	['ri', 'ii', 'ING', 'HIER', 'USICI', 'MELODRAMMA', 'EROICO', 'del', 'Sip.', 'Gaetano', 'Rossi.', '‘a', 'del', 'Sig.', 'Stefano', 'Pavesi.', 'Dr', 'A°ENE', 'NICE', 'NEL', 'CARNEVALE', '1807', 'IN', 'VENEZIA.', 'Gan', 'Regia', 'Permissone', '3}', 'OC', 'DIR', 'CISA', 'STINO', 'È']	[]
data_896.json	no_title	1770	"['A', 'SUA', 'ECCELLENZA', 'CONTE', 'DI', 'DURAZZO', 'O', 'prefento', 'vifpettofamen-', 'te', ""all'E."", 'V.', 'se', 'da', 'Offerta', '5', 'e', 'tutto', 'fprventarmi', 'do.', '“rebbe', 'dallo', 'fperare', 'per', '3)', 'poco,', 'una', 'A3', 'qual']"	[]
data_562.json	no_title	1661	"['Ye', 'fe', 'ERISMENA', 'SONE', 'PER', 'RE', 'AVRELIO', 'Uvrety', 'Fauola', 'Seconda.', 'DEDICATA', ""ALL'ILLYSTRISSIMO"", 'SIGNOR', 'MARCHESE', 'Ta', 'Firenze,', 'nella', 'Stamp.', 'di', 'A.S.', 'IT', 'de’', 'Super,', 'RADAR', '3', 'i', 'O', 'PIETRO', 'SESIA', 'IE', '3', '5', 'È']"	[]
data_355.json	no_title	1720	"['TL', 'FARAMONDO', 'DRAMA', 'PER', 'MUSICA', 'DA', 'RAPPRESENTARSI', 'Nella', 'Sala', ""dell'iilio"", 'Sig.', 'Conre', ""D'Ali;"", 'bert', 'nel', 'Garnovale', ""dell'Anno"", '1720,', 'DEDICATO', 'ALLA', ""MAESTA'"", 'CLEMENTINA', 'Regina', 'della', 'Gran', 'Ber-', 'tagna', '&c.', 'a', 'Sagra,', 'e', 'Real', '©', 'Agenerfa', 'Gratitudine;', 'di', 'cui', 'degnò', 'la', 'Mac', 'del', 'Rè', 'Grae', 'cono', 'Spofo', 'della', 'MV.', ""l'antece"", 'dente', 'Drama”,', 'rapprefentato', ""fin'"", 'ora', 'nel', 'mio', 'nuovo', 'Teatro;', 'e', ""l'anti»"", 'è', 'ca', 'gloria', 'acquiffara', 'da', 'mici', 'Mage', 'È', 'bi', '2°', 'gori', 'ata']"	[]
data_985.json	no_title	[1793]	"['PIETROILGRANDE', 'TL', 'TRIONFO', ""DELL'INNOCENZA."", 'DRAMMA', 'Rosco', 'ANTONIO', 'SIMON', 'SOGRAFI', 'AVVOCATO', 'VENETO,', 'Da', 'rappresentarsi', 'nel', 'Teatto', 'privato', 'Di', 'sua', 'rocrstenza', 'CO:', 'ALESSANDRO', 'PEPOLI,', 'La', 'Primavera', ""dell'anno"", '1295.', 'PA', 'VENEZIA']"	['venezia']
data_609.json	no_title	[1789]	[]	[]
data_753.json	no_title	1706	"['FEDE', 'TRADITA,', 'E', 'VENDICATA', 'DRAMA', 'TER', 'MUSICA', '(}Y?', 'Da', 'Rapprefentarti', 'nel', 'Teatro', 'da', 'S.Scbaftiano', 'in', 'Livorno', ""l'Anno"", '1707.', 'CONSACRATO', ""ALL'ALTEZZA"", 'REALE', 'DI', 'i', 'FERDINANDO', 'GRA', 'N-PRINCIPE', 'DI', 'TOSCANA.', 'muova', 'pompa', 'si', '|', 'quefto', 'Teatro', 'il', 'Drama', 'intitolato', 'LA:FEDE', 'TRADITA,', 'E', 'V|', 'VENDICATA.,', 'per', 'godere', 'È', 'del', 'benefico-raggio', 'di', 'V.A.', 'Reale,,.', 'uni', 'io', 'da:']"	['livorno', 'livorno']
data_956.json	no_title	1773	"['N""', 'Oi', 'E', 'SACRIFICIUM.', 'Legio', '|', 'd', 'Da.', 'N', 'NOE', 'SACRIFICIUM', 'M', 'O', 'DI', 'SA', 'CRI', 'Recimenbi', 'a', 'Puig', 'Vinaininus', 'CHORISTIS', 'IN', 'NOSOCOMIO', 'NUNCUPATO', 'PyUPERUM', 'DERELICTORUM', 'DEIPAR', 'IN', 'GUFLUM', 'ASSUMPTA:', 'niobos', 'Fecir', 'Di', 'PASCHALIS', 'ANFOSSI', 'Cuoti', 'Macisena)', 'ar', 'MonrxaoR', '‘', 'oPTIME', 'MeRITUS']"	[]
data_522.json	no_title	1723	[]	[]
data_830.json	no_title	1719	"['|', 'AS', 'SORTE', 'NELL', 'AMORE', 'Drama', 'per', 'Mufica', 'DA', 'RAPPRESENTARSI', 'Nel', 'Teatro', 'di', 'S.', 'Angelo', 'Nel', 'Carnevale', ""dell'Amo"", '1719,', 'IN', 'VENEZIA,', 'MDCCXIX.', 'Piaf', 'Marino', 'Rofein', 'Merceria', 'a', 'Î', '|', 'I', 'con', 'Licenza', ""de'"", 'opero', 'a', 'Privilgioi', '(AI', '.']"	['marino', 'marino', 'marino']
data_866.json	no_title	no_year	['LAZZARELLO', 'ovena', 'BUFFA', 'NEAL', 'ah', 'LAZZARELLO', 'NUOVA', 'OPERA', 'BUFFA', 'de', 'Mappresentarsi', 'NEL', 'TEATRO', 'IN', 'S.', 'BENEDETTO', 'di', 'Cassovale', 'è', 'Qeedeigoiaa', '180140.', 'VENEZIA', 'patta', 'qroonarta', 'n', 'csi', 'Lian', 'n']	['venezia']
data_909.json	no_title	1907	"['Compagnia', 'opere', 'comiche,', 'Operette', 'e', 'Ferries', 'Detto', 'Artistico', 'LUIGI', 'MARESCA', 'Se', '=LbISA=', 'LA', 'KELLERINA', '(Die', 'Schùtzenliesel)', 'Operetta', 'in', '3', 'Ati', 'di', 'LEO', 'STEIN', 'e', 'CARLO', 'LINDAU', 'razione', 'di', 'iccano', 'NIC)', 'Musica', 'di', 'EDMUND', 'EYSLER', 'al', 'TEATRO', 'MALIBRAN', 'di', 'Venezia', 'a', 'sera', 'del', '19', 'Feltro', '1007.', 'I', 'Compagnia', ""d'Opere"", 'comiche,', 'Operette', 'e', 'Feeries', 'Direttore', 'cedro', 'LUIGI', 'MARESCA', 'LISA', 'la', 'Kellerina', '(Dîe', 'Schotzenliesel)', 'opta', 'in', '3', 'ati', 'di', 'LEO', 'STEIN', 'è', 'CARLO', 'LINOAV', 'Wusica', 'di', 'EDMUND', 'EYSLER', 'Prima', 'Rappresentazione', 'la', 'lala', 'al', 'TEATRO', 'MALIBRAN', 'di', 'Venezia', 'La', 'vera', 'del', '19', 'Fosso', '1907']"	['venezia', 'venezia']
data_663.json	no_title	[1787]	['Pa', 'ORFAR', 'o', 'AMERICANA', 'COMMEDIA', 'Pon', 'wusica', 'IN', 'QUATTRO', 'ATTI', 'DI', '\\', ':', 'GIOVANNI', 'BERTA', 'I', 'IN-:S', 'MOI', 'so', 'si', 'Ù', 'det', 'Aorunmso', '18', 'E', 'IN', 'VENEZIA,', 'È', 'Arrassso', 'Gio:', 'BATTISTA', 'Casati', 'ON', 'LICENZA', 'DE', 'SUPERIONI:']	[]
data_947.json	no_title	[1733]	"['MOTEZUMA', 'DRAMA', 'PER', 'MUSICA', 'Da', 'rapprefentari', 'NEL', 'TEATRO', 'DI', ""SANT'ANGELO"", ""Nell'Autunno"", ""dell'Anno"", '6933', '+', 'IN', 'VENEZIA,', 'ppretto', 'Marino', 'Rot', 'in', 'Mercer', 'RI', 'd', 'Con', 'Licenza', ""de'"", 'Superiori', '»', 'Pi', 'i', '|', '|', '|']"	['marino', 'marino', 'marino']
data_93.json	no_title	[1788]	"['È', '639', '|', 'ARTASERSE', '|.', 'pRamma', 'PER', 'Musica', '|.', ""RIDOITOIN'DURATII"", 'NEL', 'NOBILISSIMO', 'TEATRO', 'DELLE', 'DAME', 'Nel', 'Cernevale', ""dell'Anno"", '1788:', 'DEDICATO', 'ROMANE...', 'Nella', 'AA', 'Pucotbitii;:', 'sla', 'Stamperia', 'di', 'Gioscchino', 'Peel.', 'polta', 'incontro', '$5,', 'Salarore', 'delle', 'Cuppelle', '‘', ""‘pe'sungRIonI.""]"	[]
data_448.json	no_title	no_year	[]	[]
data_901.json	no_title	no_year	"[""|LE'SERVE"", 'RIVALI', 'DRAMMA', 'GIOCOSO', 'PER', 'MUSICA', 'ARR', 'E', 'O', '}', ""dell'Anno"", '1770:', 'NEL', 'TEATRO', 'DELL’', 'ILLUSTRISSIMA', ""CITTA'"", 'DI', 'LODI', 'DEDICATO', 'AL', 'MERITO', 'SOVRAGRANDE', ""DELL'INCLITA"", 'UFFICIALITA’', 'DI', 'PRESIDIO', 'IN', 'DETTA', 'CITTA.', 'lie', 'Stampe', 'delli', 'Eredi', 'di', 'Nicola', 'Trabeei', 'Scampatori', 'Vefconii', 'se', 'delle', 'Cinti»', 'CON', 'LICENZA', ""DE'"", 'SUPERIORI:', '0.08', 'ILLUSTRISSIMI', 'SIGNORI', '3', 'IRE', 'Refentiamo', 'alle', 'SS', '%', 'Loro', 'Iluftrifime', 'il', 'prefente', 'Giocofo', 'Dramma', 'rico-', 'nofcendolo', 'è', 'vero', 'poco', 'confa-', 'cente', 'al', 'merito', 'Loro', 'diftintif:.', 'fizzo', 'suna', '«ffindo:', 'certodi', 'quella', 'smi', 'ca', 'bon']"	['lodi', 'lodi']
data_126.json	no_title	1910	"['BIANCOFIORE', 'AZIONE', 'DRAMMATICA', 'ÎN', 'TRE', 'ATTI', 'DI', 'RODOLFO', 'MICACCHI', 'e', 'FRANCO', 'SPADA', 'musicata', 'pa', 'ALES-', 'SANDRO', 'ONOFRI', 'venezia', '-', '1010', 'BIANCOFIORE', 'AZIONE', 'DRAMMATICA', 'IN', 'TRE', 'ATTI', 'DI', 'î', 'RODOLFO', 'MICACCHI', 'e', 'FRANCO', 'sPADA', 'musicata', 'va', 'ALES-', '|', 'SANDRO', 'ONOFRI', '""', 'VENEZIA', '-', '1910']"	['venezia', 'venezia']
data_520.json	no_title	1832	['1690', 'Pari', 'Ratei', 'IVANHOE', 'climi', 'i', 'di', 'BI', 'Lr', 'NEL', 'GRAN', 'TEATRO', 'LA', 'FENICE', '1ECAISOVALE', 'E', 'QUIDRASBU', 'Plvolo', 'DI', 'GAETANO', 'ROSSI', 'AMsia', 'DL', 'MAESTRO', 'CAV:', 'GIO:', 'PINI', 'g', 'vanazia', 'E', 'Ì', 'fil', 'rt', 'ut', 'Gue:', 'dio', 'Va', 'n', 'Ceretto', 'Gotta', 'run', 'Cie', 'Rici', 'Facco.', 'Polla', 'Gita', 'Fato', 'Greer.', 'ii', 'Dr', 'a', 'pit', '=', 'ne', 'nti', 'sisi', 'tao', 'AEG', 'IO.', '“ei', 'se']	[]
data_153.json	no_title	1728	"['VINCI', 'CATONE', 'IN', 'Tragedia', '(de', 'Mufica', 'ARTINO', '""coRASIO', 'Paftore', 'Arcade', 'Dé', 'rapprefentarfi', 'uel', 'Teatro', 'detto', 'delle', 'Dame', 'nel', 'Carnevale', 'dell’', 'anno', '1728.', 'DEDICATO', 'ALLA', 'SERENISSIMA', 'IOLANTE', 'DI', 'BAVIERA', 'Gran', 'Principella', 'di', 'Tofcana', '+', 'Sivendono', 'pill', 'ibra', 'di', 'cr', 'Lene', 'Pain', ""all'Integna"", 'i', 'Sio:', 'i', 'DI', 'urli', 'Sos', 'liano', 'a', 'derma', 'de', 'Sprite', '|', 'Ser', 'Gran', 'Principefla.', 'Ra', 'lo', 'frepito', 'de', 'pub=', 'NQ', 'ici', 'applaufi,', 'che', 'vi', 'rifionan', 'dinterno;', 'DI', 'non', 'ifdegnate', 'Sen""', 'Guar', 'Principessa', 'noSlro', 'Catone', 'in', 'Utica,', 'che»', 'umilmente', 'vi', 'techiamo', 'in', 'eributo.', 'I', 'nome', 'di', 'un', 'tanto', 'Eroe', '>', 'e', 'la', 'nota', 'A37', 'CA']"	[]
data_673.json	no_title	1779	['MISUINECE', 'CK', 'LA', 'CIRCE', '1779']	[]
data_709.json	no_title	1777	[]	[]
data_20.json	no_title	1760	"['ALCIDE', 'AL', 'BIVIO', 'Del', 'Sig.', 'Ab.', 'Merasrasio', 'Poet.', 'Cel', 'ILCIPEALIAITTO', 'a', 'Marte', 'Lay', 'SITE', 'Le', 'vige', 'L', 'LMODUCA', 'GIUSEPPE', ""D'AONTRLA"", 'B', '1', 'Privcmressi', 'isimetti', 'Dr', 'nonnosi', 'sno', 'ano,', 'cdl', 'i', 'peicololo', 'Simento', 'di', 'Ceglie', 'Gole', 'oppote', '""edi', 'rione', 'rappreenta', 'nelle', 'compagse', 'di', 'Tale,']"	[]
data_240.json	no_title	no_year	[]	[]
data_138.json	no_title	[1767]	['SEE', 'IP', 'E', 'H', 'è', 'E', 'i', 'siii', 'a', 'PERSONAGGI:', '|', 'ADRIA.', 'da', 'Anna', 'Maria', 'Pci', 'Pei', '9', 'La', 'Mick', 'del', 'Signor', 'Mielto', 'Adica', 'Luchei,', 'x', 'gip', 'CUATNUTTA', 'Pata', 'coro.', 'i', 'cala', '-', 'di', 'sio', 'Mar', 'fedi', 'Dei,', 'DER:', 'eat', 'ua', 'du', 'i', 'Ninfe', 'liere,', 'di', 'contento', '=', 'Abbi', 'qui', 'fgal', 'pollia', 'Na:', 'Dir']	[]
data_827.json	no_title	1783	"['LA', 'SCUOLA', 'I', 'DE', 'GELOSIE', 'DRAMMA', 'GIOCOSO', 'PER', 'MUSICA', 'DA', 'RAPPRESENTARSI', '|', 'NEL', 'NOBILE', 'TEATRO', 'Î', 'IN', 'SAN', 'SAMUELE', 'I', 'IL', 'CARNOVALE', ""DELL'ANNO"", 'i7%5.', '|', 'Pasiso', 'Movrsro', 'Fenzo,', 'CON', 'LE', 'DEBITE', 'PERMISSIONI.']"	[]
data_283.json	no_title	1732	[]	[]
data_279.json	no_title	1724	"[""'"", 'GIUSTINO', '|', '|', 'Dramma', 'per', 'Mufica', '|', 'NelTeatro', 'dellIlivo', 'ig.', 'Federico', 'Capranica', ')', 'nel', 'Carnevale.', 'Alb', 'Ilia,', '&', 'Eccoha', 'Signora,', 'LA', 'SIGNORA', 'D.', 'FAUSTINA', 'MATTEI', 'CONTI', 'Duchefsa', 'di', 'Guadagnolo,e', 'Nipote', 'dignifima', 'di', 'Nostro', 'Sionore.', 'Sivendono', '3', 'Puuino', 'nola', 'Lit', 'varia', 'Fn', 'i', 'DI']"	['nola', 'nola']
data_853.json	no_title	[1776?]	"[',', 'A', 'VERA', 'i', 'COSTANZA', 'il', 'praniia', 'Grocoso', 'rin', 'atusica', 'NEL', 'TEATRO', 'DE', 'Signori', 'Marchefi', 'MARSIGLE', 'ROSSI', ""Nell''Autunno"", ""dell'Anno,"", '17764', 'DEDICATO', 'A', 'Sua', 'Eccellinza', 'Rovfta', 'MONSIGNOR', 'MARIANO', ""D'AQUINO"", 'Degnifimo', 'Vicelegato', 'di', 'Bologna', ',', 'Se?', 'Xn', 'Bologna', 'nella', 'Stampeira', 'del', 'ati?', 'Goa', 'licenzardo', 'Superiori.']"	['mariano', 'bologna', 'bologna', 'bologna', 'bologna']
data_256.json	no_title	1777	"['GENGIS-KAN', 'È', 'DRAMMA', 'PER', 'MUSICA', 'DA', 'RAPPRESENTARSI', 'NEL', 'REGIO', 'TEATRO', 'Ì', 'i', 'DI', 'TORINO', '|', 'NEL', 'CARNOVALE', 'DEL', '1777.', '?', 'DELLE', '|', 'MAESTÀ', 'LORO.', 'In', 'TORINO', 'Tua', 'st', 'Targa', '""e', 'Sign', 'RL', '.015R08)', 'olio', 'ARGOMENTO.', '""ENGI-KAN', 'filo', 'doi', 'Tatari', 'cilena', 'maglio.', 'di', 'dare', 'Finn', 'e', 'lorena', 'end', 'reo', 'la', 'Cna', 'dd', 'TE', 'Lei', 'Sii', 'Tico', 'Ca', 'alan', 'ina', 'Rio', 'nio', 'Fee']"	['regio', 'torino', 'torino', 'torino', 'torino', 'tatari']
data_1046.json	no_title	[1708-1709]	"['SESOSTRI', 'RE', 'DI', 'EGITTO.', 'DRAMA', 'PER', 'MUSICA)', 'Da', 'rapprefentarfi', 'nel', 'Teatro', 'Tron', 'DI', 'SAN', 'CASSANO,', 'Nel', 'Carnovale', 'dell', 'Anno', '1709.', '4', 'SUA', 'ECCELLENZA', 'LA', 'SIG.', 'CONTESSA', 'FULVIA', 'VISCONTI', 'DELLA', 'SOMAGLIA,', '&c', 'IN', 'VENEZIA.', 'Appre@fo', 'Marino', 'Roffetti,', 'in', 'Merceria', 'all’Lofegna', 'della', 'Pace.', 'CON', 'LIC.', 'DE', 'SUP,', 'E', 'PRIVIL', '41', '.', 'ECCELLENZA.', '2', 'Na', 'Stella.', 'che.', 'fi', 'di', 'ftingna', 'dall’altre,', 'è', '}|', 'Sia', 'per', 'l’eftenfione', 'della', 'fua', 'grandezza,', 'BBY', 'è', 'fia', 'perlo', 'fplendore', 'del', 'fuo', 'lume', ',', 'ferma', 'di', ""tal'imaee"", 'nierain', 'fergli', 'oatbj', 'ditutti;', 'che', 'ogauno', 'nell', 'ammifarne', 'la', 'come', 'n', 'Ad', 'pilo', 'ba']"	['marino', 'marino', 'marino', 'come']
data_58.json	no_title	1751	['JanTI', 'GONA', 'Drama', 'per', 'Mufica', 'DA', 'RAPPRESENTARSEO', 'IN', 'ROMA', 'NEL', 'TEATRO', 'DELLE', 'DAME', 'Nel', 'Carnevale', 'dell’', 'Anno', 'MDCCLI', 'DEDICATO', 'ALLE', 'DAME.', 'Î', 'È', 'î', 'EI', 'vendono', '&', 'Fiufio', 'Ani', 'Voto', 'i', 'Palazzo', 'da', 'Si']	['roma', 'roma']
data_1028.json	no_title	1664	['TUOI', '192', 'OVWADIHITA', 'Orasicza']	[]
data_135.json	no_title	1672	"['I', 'f', 'x', 'SEN', 'CESSI', 'CL', '|', 'CALIGVLA', 'DELIRANTE;', 'A', '5', 'ME', 'LODRAM', 'N', 'a', 'A', 'de', 'Rao', '4', 'DC', 'LORI', 'È', 'consacnato', '|P', 'ALLE', 'SERENISS.', 'ALTEZZE', 'pelli', 'Signori', 'Duchi', 'GIO:', 'FEDERICO:', '4', 'ERNESTO', '""AVEVSTO', '}', 'Dizranaich,', 'Luncburgo,', 'Preffo', 'Frapcelco', 'Nicolini', 'Con', 'Benza', 'de', 'Super', 'uri', 'È', 'a', 'd', 'Vv', 'SERENISSIME', 'ALTEZZE.', ""J'Antò"", 'in', 'ogni', 'fa.', '|', 'colo', ""'AQVI-"", 'LA', 'SERENIS.', 'DI', 'BRAN-', 'SVICHdi', 'pro.', 'teggere', ""conl'ali"", 'fue', 'Trionfan.', 'a', 'pe']"	[]
data_228.json	no_title	no_year	"['E', 'ZIO', 'Dramma', 'per', 'Mufica', 'DÀ', 'RAPPRISENTARSI', 'IN', 'ROMA', 'NEL', 'TEATRO', 'Nel', 'Carnevale', ""dell'Anno"", '1757.', 'DEDICATO', ""All'IMia,"", 'ed', 'Ecclia', 'Sranora', 'D.GIACINT']"	['roma', 'roma']
data_1029.json	no_title	1669	['4609,', 'e', 'SCIPIONE', 'AFFRICANO', '|', 'DIAMA', 'PER', 'MISICA', '||', 'Da', 'rapprtetai', 'i', 'Ferrara', 'nel', 'Teatro', 'no', '+', 'i', 'PINAMONTE', 'BONACOSSI', 'j', 'SIA', 'Î', '|', 'NERI', 'CORSINI', 'L', '8', 'GA', 'TO.', 'IN', 'FERRARA,', 'per', 'il', 'G', '7', 'coni', 'dicenza', 'DE', 'SVPENONI,']	['ferrara', 'ferrara', 'coni']
data_915.json	no_title	[1783]	"['b', 'I', 'VIAGGIATORI', 'I', 'RECELIARI', 'DRAMMA', 'GIOCOSO', 'IN', 'MUSICA', 'È', 'DA', 'RAPPRESENTARSI', 'EL', 'TEATRO', 'DELL’', 'ILLUSTRISS.', 'È', 'PUBBLICO', 'DI', 'REGGIO', 'LA', 'FIERA', ""DELL'"", 'ANNO', 'po.0', '120,16', ""ALL'ALTEZZA"", 'SERENISSIMA”', 'MARIA', 'TERESA', 'CYBO', ""D'ESTE"", 'Duche@la,', 'di', 'Modena,', 'Reggio»', 'Muffa', '3', 'e', 'Carrara', 'co.', 'co.', 'Î', 'Si', 'degni', 'L', 'ALTEZZA', 'VOS', 'TRA', 'SERENISSIMA', 'di', 'riguar.', 'dare', 'con', 'occhio', 'di', 'gradimento', 'il', 'nnovo', 'Dramma', ""ch'io"", 'ho', ""l'"", 'onore']"	['reggio', 'carrara', 'carrara']
data_1058.json	no_title	1768	"['CM', 'SEMSMIRAMASRARTZEAZAE', 'i', 'Sea', 'ESALARMA', 'LACIE', 'GAZA', 'SOLIMAN', 'OÌ', 'DRAMMA', 'PER', 'MUSICA', 'DA', 'nAPPRESENTARSI', 'NEL', 'NUOVO', 'TEATRO', 'IN', 'PADOVA', 'I', 'OCCASIONE', 'DELLA', 'MERA', 'pisa', 'DEDICATO', 'Ls.', '1', 'LAND,', 'MARIA', 'DOLFIN', 'CAVALLI', 'DEGNISSIMA', 'IROVEDITORA.', 'EL', 'pride', 'IN', 'VENEZIA,', 'MDCCLXVIIT', 'NELLA', 'STAMPERIA', 'FENZO,', 'com', 'LIc:RZ@', 'Dr', 'svrzzionI', 'Fbi', 'srt', 'i', 'È', 'ECCELLENZA.', 'Ovendo', 'noi‘', 'produrre', 'fu', 'quefto', 'Teatro', 'nuovo', 'di', 'Pa-', 'dova', 'il', 'Dramma', 'prefente,', 'miglior', 'for=', 'se', 'non', 'porrebbe', 'avwenirci', 'che.', 'quella', ',', 'di', 'poter', 'fperare', 'nella', 'ragguardevole', 'è', 'veneratiffinna', 'perfona', ""dell'Ecc."", 'Voftra', 'am', 'validiffimo', 'appoggio', 'al', 'Teatro', ',', 'al', 'A)?', 'Dram']"	['padova', 'padova', 'pisa', 'pisa', 'pisa']
data_763.json	no_title	1774	['LA.', 'FINTA', 'Si', 'TARDINIERA', '-', '|', 'Dramma', 'giocofo', ')', 'DA', 'RAPPRESENTARSEO', 'NEL', 'TEATRO', '|', 'DELLE', 'DAME', 'Nel', 'Carnera', 'dl', 'Anna', '1775', 'i', 'DEDICATO', '4', ')', 'DAME', 'ROMANE', 'De', 'Giogini', 'Lartlomichi.', 'Gorica', 'de', 'sprori', 'ar', 'TIE', 'Hiro', 'di', 'falco', 'incinte,', ',', 'Ain', 'dani', 'Voli', 'ù']	['gorica']
data_968.json	no_title	1688	['eos', '‘ORAZIO)', 'DRAMA', 'PER', 'MISICA', '[Da', 'Rapprefentart', 'nel', 'Famofi', 'fimo]', 'Tetto', 'Grimano', 'di', 'Saa', 'Gic:', 'Grifoftomo,', 'L’Acno', 'M.DE,', 'LXXXYHI', 'consacnato', 'Atlas', 'Etre', 'DI', 'iinnaca', 'EMANVELE', 'RISI', 'Co.', 'Palatino', 'del', 'Reno,', 'Landranio', 'di', 'Lcichrenberg,te.']	[]
data_164.json	no_title	[1816]	[]	[]
data_783.json	no_title	1772	[]	[]
data_576.json	no_title	1738	[]	[]
data_699.json	no_title	1671	"['RA', '=', 'x', 'LA', 'SEMIRAMIDE', 'DRAMA', 'PER', 'MVSICA', 'Nel', 'Famofo', 'Teatro', 'Grima-:', 'noà', 'S.Gio:e', 'Paolo,', 'PER', ""L'ANNO"", 'MDCLXXI.', 'CONSACRATA', 'Axl', 'Ilifrifsimi', 'Signori', 'GIO:', 'CARLO,', '|', 'ET', 'VICENZO', 'Fratelli', 'Grimani,', 'IN', 'VENETIA,', 'M.DC.LXXK', '—', 'red', 'elco', 'Nicolini,', 'vie', 'Prini.', '|}']"	[]
data_340.json	no_title	no_year	['IE', 'DELLE', 'SPAGNE', 'Dramma', 'per', 'mufica', 'da', 'rapprefentasfi', '‘all', 'nobilifimo', 'Tao', 'LA', 'FENICE', 'Per', 'terza', 'del', 'Carnevale', '1803.', '(Le', 'parole', 'del', 'Sig.', 'Sera', '€', 'La', 'misica', 'del', 'Sig:', 'Facinelli.', 'IN', 'VENEZIA.', 'Netta', 'Stasoeata', 'ni', 'Vincenzo', 'Riter', 'CON', 'REGIA', 'BERMISSIONE.']	[]
data_815.json	no_title	[1766]	[]	[]
data_339.json	no_title	1789	"['IL', 'BURBERO', 'DI', 'BUON', 'CUORE', 'DRAMNIA', 'GIOCOSO', 'PER', 'MUSICA', 'we,', 'qui-', '97', 'DA', 'RAPPRESENTAROI', 'GIUSTINIANI', 'IN', 'SAN', 'MOISE,.', 'Net""', 'Avsunno', ""eca'Avno"", '1989.', 'a', 'SF', 'IN', 'VENEZIA,', 'RIAD', '[ere', 'ATTORI', 'Fonzie', 'id', 'dra', 'Lucia', 'Mae', 'TEpndi', 'Gini', 'cup', 'Le', 'fon', 'nuit', 'Pi', 'cz', 'Carre', 'dl', 'Sh', 'Li', 'eli.', 'Stadio', 'pra', 'puicto', 'di', 'Pittor', 'di', 'dI', 'Vaio', 'fà', 'dini', 'dl', '‘chan', 'esi', 'I', 'cl', 'Gc', 'ttt', 'gv', 'del', '54,', 'Loveno', 'Sach.']"	[]
data_300.json	no_title	1795	"['GLI', 'ARTIGIANI', 'DRAMMA', 'GIOCOSO', 'PER', 'MUSICA', 'IN', 'ROVIGO', 'NEL', 'NOBILE', 'TEATRO', 'RONCALE', '|', 'Per', 'la/Fiera', 'dell', 'Aduno', '1795', 'A', 'SUA', 'FCCELRENZA', 'IL', 'SIGNOR', '|', 'LUDOVICO', 'MARIA', '|', 'SORRANZO', 'DEGNISSIMO', 'PODESTA"",', 'CAPITANO;', 'E', 'PROVEDITORE', 'GENFRALE', 'Di', 'DETTA', 'CITTA"",', 'E', 'SUO', 'POLESINE,', 'n;', 'IN', 'FERRARA', 'MDCCXCY.', 'VER', 'GLI', 'EREDI', 'DI', 'GIUSENE', 'RINALDI']"	['rovigo', 'rovigo', 'ferrara', 'ferrara']
data_380.json	no_title	no_year	['IL', 'PRINCIPE', 'DELLA', 'NUOVA', 'CHINA', 'DRAMMA', 'FANTASTICO-GIOCOSO.', 'ren', 'avsIcA', 'RATTO', 'DA', 'UN', 'ANriCO', 'Lino', 'pi', 'arri', 'i', 'ea', 'NEL', 'NOBILE', 'TEATRO', 'DI', '$', 'BENEDETTO', 'MEL', 'CARNOPALE', 'DEL', '19', 'Poeda', 'di', 'Fitiro', 'Tuaooccr,', 'Musica', 'del', 'Maestro', 'Verrouo', 'Taro.']	[]
data_491.json	no_title	1695	"['IL:T:RION', 'FO”', 'DELLA', 'COSTANZA', 'NEL', 'MARTIRIO', 'DIS.', 'FELICITA', 'ORATORIO', 'DI', 'Sì', 'NICCOLO', 'DEL', 'CERRO,', '*TRRI', 'Viscenzio', 'Vangeli,""', 'Con', 'ietaza', 'dr', 'TE']"	[]
data_515.json	no_title	1681	"['VAMETIAI', '»', 'is', '|', 'DRAMA', 'PER', 'MVSICA', '|', '|{nel', '‘rheatro', 'vendramino', 'di', 'S.Saluarore', ""l'Anno"", '16', 'DEDICATO', 'Î', 'Attimo', 'pra', 'IGIO:', 'BATTISTA!', 'MO', 'RA', 'Nobile', 'Veneto»', 'IN', 'VENETIA;', 'MDC', 'TXXXI', 'AppreSSo', 'Francelco', 'Nicoli', 'IRENE;', 'ILLV', 'STRISSIMO', 'Sa', 'b', 'porget', ""la'luce."", 'L', 'it', 'ranniche', 'di', 'vi', 'Celare', 'Gior', 'nanetto;che', 'inelfo', 'fi', 'rappre»', ""fentino';polted"", 'confronto', 's', ""dell'indole"", 'tutta', 'Nobile:', 'di', '-', 'ViSAIlGAti(s:', 'feruiranno', 'per', 'contrapolto', 'è', 'farla', 'mage', 'giormenite', 'rifplenderesacgui:', 'fa', 'delle', 'defformità', ""d'Ecuba"", ',', 'dipinte', 'di', ""quel'accorto"", 'Pit', 'aa']"	[]
data_436.json	no_title	1776	"['IL', 'MAMALUCCO', 'DRAMMA', 'GIOCOSO', 'PER', 'MUSICA', 'DA', 'RAPPRESENTARSI', 'NEL', 'TEATRO', 'DEL', 'SOLE', 'DI', 'PESARO', 'IL', 'CARNOVALE', ""DELL'ANNO"", '1776', 'Dedicato', 'a', 'Sua', 'Eccellenza', 'Riba', 'MONSIGNOR', 'MARCANTONIO', 'MARCOLINI', 'air', 'Lrae', 'IN', 'PESARO;', 'M.DCC.', 'LXXVI,', 'fasa', 'GaveLLI', '«Gun', 'licenza', 'de', 'Supr', 'Eccellenza', 'Rederendi][imd;', 'Ù', 'Arci.', 'felice', 'appieno', ';', 'a', 'foi', 'or', 'del', 'ornoratiffimo', 'Nome', 'di', 'Ve:', 'ui', 'wi', '‘defdevaso', 'della', 'di', 'Lei', 'rifpestabiliffima', 'AG', 'Pro']"	['pesaro', 'pesaro']
data_826.json	no_title	1779	"['La', 'SCOLA', '&', 'DE', 'GELO', 'Sg', 'DRAMMA', 'GIOCOSO.', 'PER', 'dIUSICA', 'DA', 'RAPPRESENTARSI', '*', 'NEL', 'TEATRO', 'GIUSTINIANI', 'N', 'S.', 'MOISE', 'IL', 'Carnovate', ""peL'Anno"", '1779.']"	[]
data_869.json	no_title	[1763]	"['i', 'di', 'PAIONO', 'mio', 'E', 'MAO', 'N', '(Manti', '|', 'CONTADINE', 'Mpeete”', 'Ù', '\\AMIDILA', 'GIOCOSO', 'PER', 'MUSICA', 'ENSILDO', ""PROSINDIO'P."", 'A', 'Se', 'Raprsefneari', 'nel', 'Testo', 'Lie', 'DI', 'S.', 'SAMUELLE', '—', ""d'Autunsi"", ""dell'Anno"", 'MDCCLXINL', 'Dadicato', ""all'Ecllentifime"", 'DAME', 'VENEZIANE.', 'Bi', 'to', 'IN', 'VENEZIA,', 'Per', 'Antonio', 'Balanele.', 'CON', 'LICENZA', ""DE'"", 'SUPERIDI', 'La', 'siete', 'AE']"	[]
data_467.json	no_title	1809	"['IL', 'RITORNO', ""D'ULISSE"", '—', 'AZIONE', 'EROICA', 'PER', 'MUSICA', '1x', 'DUE', 'ATTI', 'NEL', 'GRAN', 'TEATRO', 'LA', 'FENICE', 'COME', 'PRIMO', 'SPETTACOLO', 'DEL', 'CARNOVALE', 'aepecen.', 'Parole', 'Di', 'Luigi', 'Pv.', 'Musica', 'Di', 'Gio:', 'Simcone', 'Mayr,', 'e', 'vENEZIA', 'par', 'riniioi', 'vanesizo', 'Mari']"	['come', 'venezia']
data_943.json	no_title	1734	[]	[]
data_281.json	no_title	1663	"['|', 'bai', 'ii', 'a', 'ii', '|:', '|[apprefentato', 'in', 'Venezia', 'nel', 'famofo', 'GL’AMORI', ""D'APOLLO,"", 'E', 'DI', 'LEVCOTOE', 'DRAMA', 'PER', 'MY', 'SICA', '[DI', 'AVRELIO', 'AVRELI', 'FAVOLA', 'VNDECIMA,', '""feaseo', 'Grimano', 'anno', '1663.', 'CONSACRATO', 'Lat', 'lopifimo', 'siner', 'FRANCESCO', 'VIDMAN', 'Conte', ""d'Ortemburgo"", '»', '&c.', 'Per', 'rancelco', 'Nicolini', 'Genlicenza', ""de'Sager.,"", '6.', 'trail', 'SE', 'Wende', 'in', 'Spadaria', '‘rin', 'Hrer4']"	['venezia']
data_103.json	no_title	1790	"['me', 'Fiona', 'sto', 'A', 'SPA', 'SITA', 'DRAMMA', 'PER', 'MUSICA', 'DA', 'RAPPRESENTARSI', 'NEL', 'nODILISSIMO', 'TEATRO', 'VENIER', 'IN', 'SAN', 'BENEDETTO', 'Ti', 'Onexovate', ""pett'Avno"", '1790', 'IN', 'VENEZIA,', '1790', 'Arpnisso', 'Mopzsro', 'Fenzo:', 'CON', 'Lx', 'DABITE', 'PIRMISSIONI,']"	[]
data_311.json	no_title	[1842]	"['É', ""'"", 'I', 'BONIFAZI', ',', 'Di', 'ED', 'I', 'SALINGUERRA', 'Bramma', 'in', 'die', 'Atti', 'SE', 'DA', 'RAPPRESENTARE', 'NEL', 'TEATRO', 'SAN', 'BENEDETTO', 'ra', 'Paonarene', '188.', 'VENEZIA', 'DANILA', 'TIPOGRAPLA', '""PI', 'GIUSEPEE', 'MOLINA', 'ogg', '.', 'Zac', 'dl', '(519', '2', '|', 'e']"	['venezia']
data_618.json	no_title	no_year	['L’AVAROW', '‘DIRAMMA', 'GIOCOSO', 'PER', 'MUSICI', 'DI', 'GIOVANNI', 'MERTATI', 'rappresentarsi', 'ver', 'TEATRO', 'GIUSTINI']	[]
data_430.json	no_title	1838	['IL', 'GIURAMENTO', 'MELODRANMA', 'IN', 'TRE', 'ATTI', 'Da', 'RAPPRESENTANSI', 'NEL', 'GRAN', 'TEATRO', 'LA', 'FENICE', 'rt', 'camovina', 'x', 'quuonicisiva', '1838-19', 'PAROLE', 'DI', 'GABTANO', 'ROSSI', 'Di', 'Maestso', 'SAVERIO', 'MERCADANTE', 'vaanzza', 'DALLA', 'TIPOGRAFIA', 'DI', 'GIUSEPPE', 'MOLINARI', '1838']	[]
data_592.json	no_title	1684	"['VARISCHINI', ""L'donante"", 'frati', 'pf', ""L'AMANTE"", 'Fortunato', 'per', 'forza.', 'DRAMMA', 'Per', 'Muficaz', 'Da', 'recitati', 'nel', 'Teatro', 'io', 'Eccellentifs.Sigi', '!D.', 'GIVLIA', 'RANGONI,', 'Marchefa', 'Ariberci', '&c.', '[fiv', 'venemA,', 'MepetzA', 'XIV', '—', 'Per', 'Faggio', 'Nicolini.', '[conc', 'ne', 'Prilzo,']"	[]
data_485.json	no_title	1768	"['COMPONIMENTO', 'PASTORALE', 'DRAMMATICO', 'NEL', 'REGIO', 'DUCALE', 'TEATRO', 'NUOVO', 'DI', 'MANTOVA', 'MARIA', 'CAROLINA,', 'NATA', 'PRINCIPESSA', ""D'UNGHERIA,"", 'E', 'BOEMIA,', ""'ARCIDUCHESSA"", ""D'AUSTRIA»"", 'ED', 'ACCLAMATISSIMA', 'SPOSA', '|', 'IL', 'TRIBUTO', 'CAMPESTRE', '“i', '|', 'DI', 'SUA', 'wdEsTA', 'FERDINANDO', 'IV.', 'DABORBONE,', 'RE', 'DELLE', 'DUE', 'SICILIE.', 'Reso', 'dg', 'sur', '|', '|', 'a', 'ATTORI', 'CANTANTI', 'NELLA', 'PASTORALE:', 'MINCIO;', 'Fiume', 'di', 'Mantova.', 'Sig:', 'Pitvo', 'de', 'Mezzo»', 'IRENE;', 'Cicciarice', '-', 'Sigma', 'Mera', 'Piccin', 'EURILLA,', 'Pefcrrice»', '-', 'Signora', 'Felicita', 'Suor»', '|', 'ua', 'odia', ';', 'AMINTA', '-', '---', 'She', 'Alarm', 'So']"	['regio', 'mantova', 'mantova']
data_1107.json	no_title	[1802]	"['VERTER', 'FARSA', 'PER', 'MUSICA', 'DI', 'GIULIO', 'DOMENICO', '€AMAGNA', 'Trota', 'da', 'ssa', 'Commedia', 'dolo', 'its', 'Til', 'DA', 'RAFPRESENTARSI', 'NEL', 'NOBILE', 'TEATRO', 'GIUSTINIANI', 'IN', 'SAN', 'MOISE', 'LA', 'PRIMAPERA', ""DELL'ARNO"", 'ser.', 'nesso', 'IN', 'VENEZIA', 'van', 'it', 'cAsaLi', 'Con', 'Permisiioni,', 'CA', 'PERSONAGGI', ',', 'Aiaizro', 'Mirto', 'di', 'aaa', '1', 'Thor', 'Coll', 'I', 'beta', 'SF', 'Se', ""l'aeno"", '31', '1a', 'inc', 'è', '4', 'Sl', 'ie', 'io', 'ue', 'Scenario', 'è', ""d'invenzione"", 'e', 'direzione', 'È', 'del', 'Sig.', 'Pietro', 'Francini', 'MI', 'Vexiuio', 'del', 'Sig.', 'Giorannî', 'Cazzola.', 'Copia', 'del', 'Teatro', 'Monscwe', 'Giovanni', 'Manen,', '43', 'AT', 'ATTO', 'U', 'co.', '10', 'UNI', '2', 'gi', 'ii', 'o', 'sd', 'Seti.', 'Te', 'secchia', 'arto', 'Ps', 'gi', 'Fr']"	['venezia']
data_271.json	no_title	no_year	['NEL', 'GRAN', 'TRATRO', 'LA', 'PENTOR', 'Hb', 'GURNOTILR', 'B', 'TA', 'UCDMIOESOL', '4943-48', 'VENEZIA', 'Di', 'Giuserre', 'NoLOIRI']	['venezia']
data_245.json	no_title	1706	"['DI', 'PersAnosoeR', 'Polat', ""'"", 'FILIPPO', '©', 'RE’', 'DELLA', 'GRECIA', 'Drama', 'per', 'Mufica', 'Da', 'Recitarfi', ""nell'impareggiabile"", 'Teatro', 'Grimani', 'di', 'S.Gio:', 'Grifotomo', ""L'Anto"", 'M.DCCVI', 'Dedicato', ""all'Eccelenza"", 'del', 'mero', 'DELLE', 'DAME', 'DI', 'VENEZIA.', 'IN', 'VENEZIA,MDCCVE', 'Appietfo', 'Marino', 'Role.', 'tn', 'Merceria,', 'allIafepna', 'della,', '""cha', 'Licata', 'de', 'superati', '«Pell', '*', 'ECCELLENZE:', 'Ella', 'prerogativa', ""d'"", 'o', 'oumiGrandi»', 'porte', 'dh', 'fuo', 'piacere', 'Spare', ""‘gerengl'effotrà"", 'dele', 'Javfàa', 'beneficenza', '0', 'ten*', 'derfi»oggerto', '‘conveffi\\Puanbk', 'AA', 'a', 'sro']"	['marino', 'marino', 'marino', 'licata', 'licata']
data_428.json	no_title	1790	[]	[]
data_581.json	no_title	1653	"['|', 'DI', 'FRANCESCO', 'MELOSIO', 'da', 'Città', 'della', 'Picuc.', '\\l', 'Fatto', 'rapprefentare', 'nel', 'Teatro', 'Regio', '|', 'd%tilanol', 'Anno', '1653.', ""Dall'Eccelentiffimo"", 'Signor', '(ARCHESE', 'DICARACENA', '&c:', 'Per', ""l'Elettione"", 'del', 'gloriofiflimo', 'RE', 'DE', 'ROMANI', 'FERDINANDO', 'IV.', 'fl', 'Con', 'licenza', ""de'Superiori"", 'è', 'I', 'ne', 'Serene).', 'minifri', 'di', 'Valeane»', 'Bronte', 'Eolo', 'È', 'Nettuno', 'Plurone', 'Caronte', 'Ticone', 'Due', 'Ninfe', 'di', 'Diana', '‘Vna', 'Niofa', ""dell'Aurora"", 'Choro', 'di', 'Niufe', '}', 'Amorino.']"	['regio', 'bronte', 'bronte', 'nettuno', 'nettuno']
data_814.json	no_title	1719	"['LA', 'PACE', 'PER', 'AMORE', 'Drama', 'per', 'Mafica', 'DA', 'RAPPRESENTARSI', 'Nel', 'Teatro', 'Giultiniano', 'di', 'S.', 'Moisè,', ""L'"", 'Anno', '1719.']"	[]
data_343.json	no_title	1716	"['DA', 'RAPPRESENTARSI', 'Nella', 'Sala', 'de’', 'Signori', 'Capranid', 'nel', 'Carnevale', ""dell'Anno"", 'MDCCXVI.', 'Si', 'vendono', 'è', 'Pafquino', 'nella', 'Libraria', 'di', 'tro', 'Leoni', 'all’', 'Infegna', 'di.', 'Gio,', 'di', 'Di', 'Jeieieietetcieteteleieielecaciiete', 'Im', 'ROMA,', 'per', 'il', 'Bernabò', ',', ""l'Arn""]"	[]
data_777.json	no_title	no_year	"[""L'AS,"", 'il', 'GAZZETTA', 'IL', 'BAGIANO', 'DELUSO', 'MUSICA', 'A', '5.', 'vocr', '_', 'Dell', 'Ti', 'Camevale', 'dell’', 'Anno', '1789,']"	[]
data_1102.json	no_title	1803	"['UN', 'EFFETTO', 'NATURALE', 'FARSA', 'GIOCOSA', 'PER', 'MUSICA', 'ORIGINALE.', 'DI', 'GIUSEPPE', 'FoFP4', 'DA', 'RAPPRESENTARSI', 'NEL', 'NOBILISSIMO', 'NUOVO', 'TEATRO', 'DI', 'PADOVA', 'sen', 'LU', 'sobità', 'sizta', 'Dr', 'sano', ""DELL'ANNO"", '1803.', 'ay', 'amrviiinizzize', 'IN', 'VENEZIA', 'PERSONAGGI.', 'Dissa', 'Sig.', 'Corolina', 'Dessì.', 'It', 'Siowox', 'Feusorone', 'Sig.', 'Giacomo', 'Pucigna', 'Giicorro', 'mo', 'Nipote.', 'Sig.', 'Massimiliono', 'Fidenza', 'Tucconatco', 'Servitore', 'di', 'Frisolone', 'Sig.', 'Giueppe', 'Tavanî,', 'LA', 'Gora', 'Newa', '.', 'Sîgo', 'Galina', 'Cote,', 'Tooxmo', 'Cozino', 'di', 'Diana', 'Sig:', 'Ferdinando', 'culto.', 'Serviore', 'di', 'Prisolone', 'La', 'Marica', 'è', 'del', 'celebre', 'Sig', 'Gioreppe', 'As']"	['padova', 'padova', 'venezia', 'fidenza', 'fidenza']
data_597.json	no_title	[1808]	"['.Î', 'LAMoRcONUGALE', 'DRAMMA', '|', 'DI', 'SENTIMENTO', 'DA', 'RAPPRESENTARSI', 'NEL', 'TEATRO', 'GIUSTINIANI', 'TN', 'SAN', 'MOISE', ""L'AUTUNNO"", 'Sig', 'Root', 'Si', 'IN', 'VENEZIA']"	['venezia']
data_872.json	no_title	1803	"['Tino', 'TS', 'perni', 'LE', 'DONNE', 'CAMBIATE', 'o', 's14', 'IL', 'DIAVOLO', 'A', 'QUATTRO', 'DRAMMA', 'GIOCOSO', '1N', 'MUSICA', 'Da', 'rappresentarsi', 'nel', 'Teatro', 'DEGLI', 'ILLUMINATI', 'DI', ""CITTA'"", 'DI', 'CASTELLO.', 'Il', 'Carnevale', 'del', '1803:', 'Con)', 'DEDICATO', 'ALLA', 'NOME', 'DONNA', 'LA', 'SIGNORA', 'CAROLINA', 'NATA', 'MARCHESA', 'COPPOLI', 'NE’', 'PUCCIARINI', 'Aeon!', 'IN', 'CITTA”', 'DI', 'CASTELLO', '1853,']"	[]
data_809.json	no_title	[1775]	['#', 'DRAMMA', 'GIOCOSO', 'IN', 'DUE', 'ATTI', 'DI', 'AZIONE', 'DIVERSA', 'DI', 'GIOVANNI', 'BERTATI', 'da', 'rappresenta']	[]
data_288.json	no_title	1789	['1A', 'Pa', 'e', 'Nes', 'È', 'Ve', 'RR', '2', 'cu', 'anconavri', 'IN', 'cosco', 'È', 'Loria', 'ire', 'Si', 'SS', 'r', '>', 'FIMVACIEA', 'asini', 'IN', 'VENEZIA,', '178', 'Pg', 'Re', 'Ve', 'Re', 'Regi', 'Reg', '+', '$', 'F', '&', '+', 'P', 'È', '£', '&', 'i', '&', '*', 's', 'È', '2', 'PRIIERIRI,', 'SR', 's', 'IL', 'SÌG.', 'DOMENICO', 'MICHIEL', 'IL', 'SIG.', 'CO:', 'ANTONIO', 'PIOVENE', 'Futuri', 'nix', 'ost', 'Tear.', 'Otin', '022.17:', 'po', 'io', 'pre,', 'uva', 'di', 'li', 'pn', 'ccm', 'ail', 'in', 'pifi', 'pri', 'io', 'che', 'er', 'n', 'dii', 'der', '5', 'od', 'eno', 'ib', 'ui', 'poli', 'di', 'pn', 'din', 'Ai', '#', 'i']	[]
data_582.json	no_title	1644	['DI', 'GIOVANNI', 'Sl', 'FaestINi.', '9', '|', 'Con', 'Licenza', 'de', 'Superiori,', '[Gg', '&', 'Priuilegi,', '.', 'Pref', 'Prancefto', 'Miloco', '.', 'ia', 'BRTIGARS']	[]
data_225.json	no_title	no_year	['EVELLINA', 'MELO-DRAMMA', 'EROICO', 'av', 'Doe', 'arri', 'Da', 'narenesesTanSI', 'NEL', 'GRAN', 'TEATRO', 'LA', 'FENICE', 'IL', 'CARNOPALE', '1818,', 'motita', 'DEE', 'seno', 'carTANO', 'nom', 'MUIICA', 'Der', 'sionoa', 'Mirto', 'coon.', 'VENEZIA', 'Matta', 'Tiroeraria', 'cata,']	['venezia']
data_493.json	no_title	1692	"['L', '--', 'et', '05', '8', 'sù', 'ta', '©', 'n', 'INNOCENZA.', 'Drama', 'per', 'diufica', 'Da', 'RappreSentarî', 'nel', 'Teatro', '""18', ""Angelo,l'Anno"", '1693.', 'DI', 'ID.', 'RINALDO', 'CIALLI]', 'is', 'del', '—', 'conseciato', 'GE', 'ld', 'in.', 'o', 'Eecclenif.St)', 'È', 'dì', 'Signor', 'dl', 'ilerDigAnDOlI', 'TORRIANO,', 'ave', ""d'uro"", 'di', 'S.', 'fio', 'Genenle']"	[]
data_876.json	no_title	1839	['tELUSTRI', 'RivaLet', 'LE', 'DUE', 'È', '|', 'ILLUSTRI', 'RIVALI', 'Ain', 'it', 'innova', 'e', 'vanni', '183', 'Putoss', 'i', 'GAETANO', 'ROSSI', 'Mesia', 'ra', 'Musscro', 'SAFRIO', 'MERCADANTE', 'VENEZIA', 'Ditta', 'iroGAAriA', 'i', 'Giuse', 'voriminI', '1339.']	['venezia']
data_284.json	no_title	1751	"['di', 'IPSI.', 'lies', 'Besa', 'eri)', 'LALA', ""GL'IMPOSTORI,"", 'GL’', 'IMPOSTORI.', 'DRAMA', 'PER', 'MUSICA', 'Da', 'rapprefentarfi', 'nel', 'Teatro', 'GIUSTINIANI', '|', 'DISANMOISE.', ""L'AUTUNNO"", 'irsi', 'y', 'feti', 'atea', 'e)', 'Corsivo', 'pica', 'Gui', 'piena', 'MENEZIA', 'CON', 'LICENZA', 'DE', 'SUPERIORI,']"	[]
data_708.json	no_title	1777	['cd', '113', '|', 'URII:', 'Saggaria', 'LA', 'pizzaKk', 'ra', 'pecHimori', 'do', 'dop']	[]
data_788.json	no_title	1765	['LA', 'MADRE', '{', 'DE', 'MACCABEI', 'COMPONIMENTO', 'SACRO', 'PER', 'MUSICA', '1N', 'ROMA', 'MDCCLXY.', 'RA', 'Pau', 'Axozio', 'MAxta', 'ANSILIONI', 'a', 'Preffo', 'la', 'Poricella', 'della', 'Maddalgi', 'Con', 'Liccrsa', 'de’', 'Supi']	['roma', 'roma']
data_101.json	no_title	[1740]	"['È', '©', '&', 'etnientd8,', 'Ce', '®', 'è', '|', 'ARTASERSE,', 'uficalifhes', 'Bramar', 'DRAMMA', 'PER', 'MUSICA', 'prvfivona', 'rapprefentato', 'cu:', 'fi', '|', 'ALLA', 'REGIA', 'RI', 'ELETTORAL', ':', 'îa', 'er', 'CORTE', 'DI', 'DRESDA,', 'PAX', ""nell'Anno"", 'MDCCXL,', 'ORTO?', '|', 'aufgefiret', 'fvorden:', 'Drefiden', '>', 'ail', 'L', 'rift:', 'brit', '5', 'sr', '|']"	[]
data_195.json	no_title	1802	"['|', 'Î', 'Badia', 'PO.', 'A', 'GOLONE', 'TRAGEDIA', 'PER', 'MUSICA', '4', 'Tratta', 'în', 'pote', ""dall'Edipo"", 'di', 'Soocle', 'scritta', 'IRAP', 'EIN', 'ICE', ""L'ANNO"", 'sio.', 'La', 'poosta', 'del', 'Sig', 'Sopra', 'Poeta', 'del', 'suddetto', 'Rissa', 'DEDE', 'La', 'Musica', 'del', 'Sig.', 'Ziogarei.', 'Lr)', 'IN', 'VENEZIA.', 'Com', 'Regia', 'Permissione.']"	[]
data_838.json	no_title	1772	"['LA', 'TOMBA', 'DI', 'MERLINO', 'DRAMMA', 'GIOCOSO', 'PER', 'MUSICA', 'DEL', 'siomor', 'GIOVANNI', 'BERTATI', 'DA', 'RAPPRESENTARSI', 'NEL', 'TEATRO', 'GIUSTINIANI', 'IN', 'SAN', 'MOISE', ""NELL'"", 'AUTUNNO.', ""DELL'"", 'ANNO', '177:', 'IN', 'VENEZIA,', '1772', 'CON', 'LICENZA', ""DE'"", 'SUPERIORI:', 'RomozzzAo', 'A', 'Suva', 'Eccriuenza', 'IL', 'sicwoR', 'NICCOLO', 'VENIER', 'Dell', 'ecesLLENTISSIAO', 'MESSER', 'SEBASTIANO', 'Procurator', 'di', 'San', 'Marco.', '&', 'Ofpiro', 'da', 'gran', 'tempo.', ""l'onore"", 'di', 'palefarmi', 'Servidore', 'voniliffno', 'di', 'VOSTRA', 'ECCELLENZA', ';', 'moffò', 'AR', 'ne']"	[]
data_407.json	no_title	1805	"['©', 'IL', 'CUCCÙU', 'SCOPRE', 'TUTTO', 'FARSA', 'GIOCOSA', 'PER', 'MUSICA', 'DELL', 'ABR', 'D', 'GIULIO', 'ARTUSI', 'DA', 'nsernesenTARSI', 'NEL', 'NOBILE', 'TEATRO', 'GIUSTINIANI', 'IN', 'S.', 'MOISE', '11', 'Carnovale', ""del'Asso"", '1805.', 'aaa', 'iN', 'VENEZIA', 'don', 'Regia', 'Peggisi']"	['venezia']
data_349.json	no_title	[1739]	['DICPI-9I%1', 'I', 'DEMETRIO', 'V', 'DRAMMA', 'PER', 'MUSICA', 'DA', 'RAPPRESENTARSI', 'Nel', 'Teatro', 'dell’', 'TlluNrif', 'Pubblico', 'di', 'Reggio', 'in', 'occafione', 'della', 'Fiera', 'dell’', 'Anno', 'MDCCXXXI', 'Conferrato', 'all’', 'Altezza', 'Serenifo.', 'DI', 'FRANCESCO', 'IIL', 'DUCA', 'DI', 'REGGIO,', 'MODONA,', 'MIRANDOLA»', 'dc.']	['reggio']
data_526.json	no_title	[1787?]	[]	[]
data_1078.json	no_title	1697	"['Pestarert', 'Tiro', 'MANzIO.', '1697', 'Tolto', 'MANLIO', 'Drama', 'per', 'Mafica', 'Da', 'Rapprefentarfi', 'nel', 'Famofiffimo', 'Teatro', 'di', 'S.Gio:', 'Grifoftomo.', ""L'ANNO"", '1697.', 'IN', 'VENEZIA,', 'M.DC.XCVII,', 'Perl', 'Nicolini.', 'CON', 'LIBNZA', ""DE'SVP.E"", 'PRIVILEGIO.']"	[]
data_303.json	no_title	1779	['(', 'mrwerteAsa', '|', 'ta', 'Esar', 'pe', 'can', 'Gui', '|', '1779']	[]
data_4.json	no_title	1723	"['‘ADELAIDE', 'Drama', 'per', 'Mufica', 'DA', 'RECITARSI', 'Jel', 'Teatro', 'Alibere', 'ammevale', ""l'Anno"", '1723;', 'ADELAIDE', '\\', 'Drama', 'per', 'Mufica', '9', 'DA', 'RECITARSI', 'Nel', 'Teatro', 'Aliber', 'pe’l', 'Carnevale', ""dell'Anno"", '1723', 'PRESENTATO', 'Alla', 'Macfèà', '|', 'CLEMENTINA', 'Regina', 'della', 'Gran', 'Bret-', 'tagna,', '&e.', 'x', 'Madama.', 'Iconne', 'al', 'validiffi', 'mo', 'patrocinio', 'di', 'V.', 'M.', 'Adelaide', '5', 'e', 'noî', 'ben', 'wolontieri', 'we', 'la', 'fcorgiamo', 'con', 'ficuresza', 'che', 'Ella', 'faprà', 'vitro']"	[]
data_993.json	no_title	1684	"['dp', 'VBLELIO', 'Versa', 'DRAMA', 'PER', 'MISKA', 'Darapprefentarfi', 'nel', 'Tea.', 'tro', 'Vendramino', 'di', 'San', 'Saluatore', '1°', 'Anno', 'M.', 'DC,', 'DIXIV.', '(pressa', 'oe', 'tI', 'sel', 'consacrato', 'I', 'atatenzeseinizne', 'SIR', 'di', 'È', 'FERDINANDO', 'CARLO', '[i', 'Duchi', 'Masa', 'ione', 'calati,', '""Gatte', 'mi', 'INVENETTA,', 'M-DCLOOIV:', '|', 'er', 'Franeetco', 'Nicoli,', '[conzirenza', 'de', 'sapo', '0', 'Pri.', '3']"	[]
data_469.json	no_title	[1842]	"['IL', 'RITORNO', 'DI', 'COLUMELLA', 'DA', 'PADOVA', 'IL', 'PATZO', 'PRRANORE', 'Detti', 'mms', 'Pas', 'idea', 'pero', 'delle', 'tre', 'Son', 'DA', 'canto', 'caMaraGcIO', 'Mitica', 'deli,', 'mero', 'viverszo', 'monavar,', 'gio', 'Da', 'rappresentarsi', ""l'autunno"", '1842', 'NEL', 'TEATRO', 'GALLO', 'È,', 'BENEDETTO', 'wi', 'VENEZIA', 'Dalla', 'Tpegrefia', 'Pisi.']"	['padova', 'padova', 'venezia']
data_89.json	no_title	1788	['(cca', 'RSACE', '1789', 'Ah', '4', 'RSA', 'CE', 'DRAMMA', 'PER', 'MUSICA', 'DA', 'RAPPRESENTARSI', 'NEL', 'WONILISSIMO', 'TEATRO', 'VENIER', 'IN', 'SAN', 'BENEDETTO', 'Ir', 'Canwovata', 'pesi’', 'Amo', '1789.', 'ata', 'SF', 'IN', 'VENEZIA;', '1788', 'Arrasiso', 'Mopxsro', 'Fenzo.', 'CON', 'LE', 'DEBITE', 'PERMISSIONE,']	[]
data_556.json	no_title	1666	[]	[]
data_751.json	no_title	1786	['LA', 'FEDELTA', 'DI', 'ROSANA', 'È', 'DRAMMA', 'giocoso', 'PER', 'Musica', 'DA', 'RANPRASENTARIT', 'NEL', 'TEATRO', 'DEL', 'PAVONE', '&', 'DE’', 'NOBILI', 'DEL', 'CASINO', 'IN', 'PERUGIA', 'Nel', 'Cartovale:', 'MIDCCLOONT.', 'DEDICATO', 'Ale', 'Gestilifime', 'D-CARM', 'Eu', 'IN', 'PERUCI!', 'DA', 'Pez', 'il', 'Colnt,', 'Con', 'ic', 'd', 'sp.']	['perugia', 'perugia']
data_420.json	no_title	1698	"['3LI', 'ODII', 'FRATERNI', 'DRAMA', 'Da', 'recitarfî', 'nel', 'prefente', 'Carnevale', '1698.', 'a', 'Scolari', 'I', 'D.', 'GIVSEPPE', 'FIAN', '“Alunno', 'di', 'Santi', 'A', 'poft', 'CONSACRATO', 'Adi', 'Merìto', 'del', 'Singolariffimo', 'Sigxor', '10:', 'DOMENICO', 'COTINI.', 'Venetia,', 'Per', 'Domenico', 'Lovifa.1698.', 'Con', 'Licema', 'de:', 'Sh', ""'INGOLARISS."", 'SIG.', 'Sig.', 'Padr.Colend.', 'Cco', 'in', 'vr', 'tempo', ',', ""ed'"", 'sppagata', 'la', 'mia', 'diuotio-', 'ne', '>', 'che', 'fi', 'lungo', 'tempo', '4ndò', 'inueftigando', 'incon-', 'ro', 'per', 'farfi', 'conofcere', ',', 'd', '3', 'ego']"	[]
data_871.json	no_title	1804	"['LE', 'DONNE', 'CAMBIATE', 'FARSA', 'PER', 'MUSICA', 'DA', 'RAPFRESENTARSI', 'NEL', 'REGIO', 'TEATRO', 'S', 'CARLO', 'IN', 'BENEFICIO', 'ANTONIO', 'PALMINI', 'NELLA', 'PRIMAVERA.', ""DELL'"", 'ANNO', 'iîo4']"	['regio']
data_1048.json	no_title	1642	"['hi', 'SIDONI', 'E', 'DORISBE', 'DRAMA', 'DI', 'FRANCESCO', 'MELOSIO', '|', 'Honorato', 'di', 'Mufica', 'dal', 'SIG.', ""NICOLO'"", 'FONTE', 'Erapprefentato', 'nel', 'Teatrodî', ""S.Moifel'Anno"", '1642,', 'Con', 'Licenza', 'de', 'Superiori', 'cr', 'Priwilegio;', ';', ',', 'IN', 'VENETIA,', 'MDCXLIT', 'Apprello', 'Gio', 'Bacca', 'Sucian']"	[]
data_666.json	no_title	[1816]	"['lee', ')OÒ', ']l]Òr', 'odttrittostttttos', 'tritata', 'Ere', 'getta', 'nttiotit', 'titti', 'totot', 'feet', 'de', 'AIAIATAIA', 'A', 'udirtat&edottdorsgitiriattttà', 'perigassdttigttitttidteotttti', 'FITTA', 'TTET', 'RA:', 'FIEI:I', 'AA', 'AIR', 'ATIFTI4THAII', '+:', 'LIL', 'ARI4T4', 'RATE', 'iù', 'ART', 'EttAszEBE4', 'AREA', 'î', 'CETTE', 'TIASITH++3', 'SHF+++3', '+++', 'H+', '+44+31', 'ZFEF++++', '++', '+++', '4+84447', 'ria', 'AA', ""i'm"", '°', ""L'ORO"", '|', 'NON', 'COMPRA', 'AMORE', 'DRAMMA', '6100080', 'PER', 'MUSTEA,', 'ee', 'IN', 'DUE', 'atm', 'ù', 'fo', '4;', 'È', 'RE', 'î', 'NELL', 'IMP.', 'B', 'REAL', 'TEATRO', 'y', '%', 'DEL', 'COCOMERO', 'i', '|', 'veLl', 'arvaxto', 'DELL', 'AvNO', '1816,', 'Ri', '|', 'lm', '$', 'FIRENZE,', 'uil']"	[]
data_417.json	no_title	1792	"['IL', 'FIGLIUOL.', '49,', 'PRODIGO', 'COMPONIMENTO', '.', 'SAGRO', 'PER', 'MUSICA', 'DA', 'CANTARSI', ""NELL'"", 'ORATORIO', 'DE', 'RR:', 'TP.', 'DELLA', 'CONGREGAZIONE', 'DELL’', 'ORATORIO', 'DI', 'ROMA.', 'ROMA', 'MDGCXCN.', 'Der', 'Filippo', 'Neri', 'col', 'Penne', 'Sì', 'vendono', 'nella', 'medcfima', 'St', 'alle', 'Murate', 'poco', ""l'Arco"", ""de'"", 'Carso']"	['roma', 'roma']
data_893.json	no_title	1843	['|', 'LEOCADIA', 'MULODRAMIA', 'IN', 'DUE', 'ATTI', 'NEL', 'TEATRO', 'APOLLO', '(Estate', '1853,', 'int,', 'Puato', 'Contndini', 'degno', 'dre', 'VENEZIA', '1863']	['venezia']
data_1082.json	no_title	1680	['ep', 'Lep®', 'TOMIRIJî', 'Da', 'Rapprefentari', 'nel', 'Teatro]', 'iS.', 'Caftiano', 'Lino', 'de', 'DG', 'LARE', 'DI', 'ANTONIO', 'MEDOLAGO.|', 'ET', 'CONSACRATO', 'All', 'ili]', 'fece.', 'Si', '8,', 'NC', 'MOROSINI', 'E', 'Patto:', 'Lian', 'î1,', '€', 'Procurator', 'di']	[]
data_519.json	no_title	MLXIV [i.e. 1764]	"['ISACCO', 'FIGURA', 'DEL', 'REDENTORE', 'Componimento', 'Segra', 'PER', 'MUSICA', 'Da', 'cantarfi', 'nell’.', 'Oratorio', 'DEIRR.', 'PP.DELLA', 'CONGREGAZIONE', ""DELL'ORATORIO"", 'DI', 'Sì', 'FILIPPO', 'NERI', 'DI', 'VENEZIA.', 'bea', 'ii', 'i', 'aa', 'caviale!', 'vers', 'IN', 'VENEZIA', 'MIkIV.', 'CON', 'LICENZA', 'DPSUPERIORI,']"	['venezia']
data_583.json	no_title	1666	"['CESTI', ""L'ORONTEA"", '1666', 'DOTT.', 'ULDERICO', 'ROLANDI', 'ORONTEA', 'DENARI', 'A', 'D,', 'HIACINTÒ', 'ANDREA', 'CICOGNINI', 'Da', 'Rapprefentarfî', 'nel', 'THEATRO', 'GRIMANO', 'Di', 'SS:', 'Gio:e', 'Paolo', ""l'Anno"", '1666.', 'DEDICATA', 'A', 'Madama', 'lui,', 'e', 'Eeelleniti', '|', 'D.MARIA', 'MANCINI', 'COLONNA,', 'Prencipelfa', 'Romana', ',', 'Duchieffa', '“ii', 'Tagliacozzo,', 'Sec.', '{SE', 'Ì', 'IN', 'VENETIA,', 'MDC', 'IVI.', 'Per', 'Stefino', 'Curt']"	[]
data_549.json	no_title	[1782]	"[""L'ANTIGONO"", 'DRAMMA', 'PER', 'MUSICA', 'Da', 'repprifonterfi', 'in', 'Bologna', 'NEL', 'TEATRO', 'ZAGNONI', 'Nar', 'Canvevate', 'pesi’', 'Avxo', '1785:', 'DEDICATO', ""adll'Eminentifimo"", 'ye', 'Reverendifimo', 'Principe', 'IL', 'SIGNOR', 'CARDINALE', 'IGNAZIO', 'BONCOMPAGNI', 'LUDOVISI', 'Dignifimo', 'Legato', '4', 'Latete', 'di', 'quelta', 'Città.', 'RE', 'IN', 'BOLOGNA.', 'Nucsa', 'Stamenara', 'pat', 'SAssieo', '(con', 'Bittnga', 'de', 'Superiori', '«', 'Tratozss', 'og', '|', 'x', 'Eminentifimo,', 'e', 'Reverendifimo', 'PRINCIPE.', 'v', 'bobine', 'Guai', 'onelta', 'Perfona', ',', 'che', 'srowifi,', '©', 'faggiorni', 'Fuori', 'del', 'proprio', ""l'indegore."", 'per', 'ogni', 'mezzo', 'i', 'modi', 'più', 'adatti', 'a', 'renderfi', 'grata,', '0', 'non', 'Jpregiabile', 'almeno', 'alla', 'Citsà,', 'dove', 'per', '13', 'da']"	['bologna', 'bologna']
data_540.json	no_title	1758	"['‘ADRIANO', 'IN', 'SIRIA', 'DRAMMA', 'PER', 'MUSICA', 'DEL', 'CELEBRE', 'SIG.', 'ABATE', 'PIETRO', 'METASTASIO', 'POETA', 'CESAREO', 'Da', 'rapprefentarfi', 'in', 'Livorno', 'nel', 'Teatro', 'de', 'E', 'Sala', 'le', 'Fameone', ""dell'Anno"", '1758.', 'Pax', 'ANTON', 'Santin)', 'e', 'Con', 'Lic.', 'de', 'Si', '3', 'AI', 'FORESTIERI', 'DILETTANTI.', 'SiGnorI.', 'O', 'Ltre', 'il', 'piacere', 'di', 'vedere', 'dalla', 'miglior', 'parte', 'di', 'quefto', 'Pubblico:', 'incoraggita', 'la', 'noftra', 'imprefa', ',', 'abbiamo', 'ancora', 'quello', ""di'veder"", 'dal', 'voftro', 'con-', 'Ar']"	['livorno', 'livorno']
data_602.json	no_title	1725	"['9', 'USA', ""L'AMORE"", 'EROICO.', '‘Of?', 'E', 'AMI', '.', 'LEROU', ';', 'VCO']"	[]
data_1088.json	no_title	no_year	"['[d', '""|', 'TUTIMO', 'GIORN', 'DI', 'SULI', 'AZIONE', 'LIRICA', '|', '|', 'È', 'NEI', 'GRAN', 'TRATRO', 'LA', 'FENICE', 'Ul', 'CNOVALK', 'E', 'QUIDRIGRSONA', '4542-83.', 'n', '#4', 'Nn', 'bo', 'teso', 'dari', 'Vargomento', 'propio', 'o', 'i', 'pare', 'rnppo', 'vasto,', 'pt', 'sli', 'î', 'o', 'si', 'pc', 'mati', 'ion', 'di.', 'Javdro', 'elit', 'rappresento', 'i', 'Teatro,', 'lo', 'chioma', 'col', '‘noie', 'generico', 'di', 'Astone', 'Lied', '©', 'TE', 'Se', 'avrò', 'somministrate‘', 'contribuire', 'ded']"	[]
data_1.json	no_title	1771	['AVDA', 'Mi.', 'A', 'ceLEBRI', 'BALTHASSARE', 'GALLUPPI', 'musice', 'rxrnessus', 'FILIARUM', 'CHORÎ', ')', 'INCURABILIUM.', 'VENETIIS', 'MPCCLAXI', 'ssu,']	[]
data_1093.json	no_title	[1789]	[]	[]
data_626.json	no_title	1769	"[""L'IMPRESA"", ""D'OPERA"", 'DRAMMA', '@IOCOSO', 'DA', 'RAPPRESENTARSI', 'NEL', 'TEATRO', 'GIUSTINIANI', 'DI', 'S.', 'MOISE', 'Il', 'Garnovale', ""dell'Aano"", 'MDCCLXIX,', 'DI', 'BORTOLAMIO', 'CAVALIERI', 'AF', 'IN', 'VENEZIA,', 'MDCCLXTX.', 'Apprelfo', 'Modello', 'Fenzo.', 'CON', 'LICENZA', 'DE', 'SUPERIORI;', '>']"	[]
data_848.json	no_title	[1804?]	"['2Ast', 'Re', '1A', 'VENDEMMIA', 'MELODRAMMA', 'GIOCOSO', 'DA', 'RAPPRASENTARSI', 'EL', 'TEATRO', 'ALLA', 'SCALA', ""L'Autunno"", 'del', '1804', 'MILANO', 'Data', 'Trroonazia', 'PmoLA', 'al', 'Teatro', 'suddetto.']"	['milano']
data_701.json	no_title	1899	['GIUSEPPE', 'VERDI', 'IA', 'SULAMITE', '‘Ol', 'Rag', 'DAGHESTRA', 'ED', 'ORIGANO', 'Tu', 'var', 'ai', 'LA', 'SULAMITE', 'casrico', 'BIRLICO', 'SOLI,', 'CORO,', 'ORCHESTRA', 'ED', 'ORGANO', 'ERMANNO', 'WOLF-FERRARI', 'È', '»']	[]
data_680.json	no_title	1667	['Egr?']	[]
data_146.json	no_title	1738	"['CARLO', 'TL:', 'GA', 'LVO', 'Drama', 'per', 'Mufica', 'Da', 'rapprefentarfi', 'nella', 'Primavera', ""dell'Anno"", '1738.', 'NEL', '‘TEATRO', 'DELLE', 'DAME', 'DEDICATO', 'ALLE', 'MEDESIME,', '|', '209', 'To', 'ROMA', ',', 'nella', 'Stampevi', 'di', 'Am', '‘co', 'fendi', 'edefimo', 'Stampa', 'nella', 'Strada', 'del', 'Seminario', 'Romano,', 'vicino', 'alla', 'Rotonda']"	['roma', 'roma']
data_816.json	no_title	1765	"['LA', 'PARTENZA', 'E', 'IL', 'RITORNO', 'DE', 'MARINARI', '‘DRAMMA', 'GIOCOSO', 'PER', 'MUSICA', 'DA', 'RAPPRESENTARSI', 'NEL', 'TEATRO', 'GIUSTINIANI', 'DI', 'SAN', 'MOISE', 'Il', 'Carnovale', ""dell'Anno"", '1765.', 'IN', 'VENEZIA,', 'MDCCLXV,', 'Apprello', 'Modefto', 'Fenzo.', 'CON', 'LICENZA', 'DE', 'SUPERIORI,']"	[]
data_512.json	no_title	1759	['I', 'I', 'Inte']	[]
data_649.json	no_title	1774	[]	[]
data_70.json	no_title	no_year	"['A', 'ANTIGONO', 'DRAMMA', 'PER', 'MUSICA', 'DA', 'RARPRESENTARSI', '*', 'NEL', 'TEATRO', 'GRANDE', 'ALLA', 'SCALA.', 'DI', 'MILANO', 'NEL', 'CARNEVALE', ""DELL'ANNO"", '1781', 'IN', 'MILANO', '‘Appreflo', 'Gio.', 'Batifa', 'Bianehi', 'Regio', 'Stampatore', 'È', '2', 'i', 'COLLA', 'PERMISSIONE.']"	['milano', 'milano', 'regio']
data_730.json	no_title	1703	"['La', 'COSTANZA', ""NELL'HONORE"", 'Drama', 'per', 'Mufica', 'Darapprefentarfi', 'in', 'ROVIGO.', 'Nel', 'Teatro', 'Campagnela', ""L'"", 'Auttimo', 'dell’', 'Anno', '1703:', 'Pocfia', 'di', 'FRANCESCO', 'PASSARINI,', 'CONSACRATO', 'AUULMrifi&', 'EeellentifiSizo', 'ANDREA', 'PRIVLI', 'Podetà,', 'e', 'Proueditor', 'General', '‘Del', 'Polefine.', 'CURGRO', '_IN', 'VENETIA;', '|', 'Drelfo', 'il', 'Milocco.', 'Con', 'Lacenza', 'de', 'Superiore', 'Privilagia']"	[]
data_423.json	no_title	1775	[]	[]
data_105.json	no_title	1677	"['ASTIAGE', 'DRAMA', 'PER', 'MISICA', 'INel', 'famoto', 'Teatro,', 'Grimani', 'di', 'SS.', 'Giore', ""D'ANNO"", 'M.', 'DC', 'LXXVIL', 'a', 'CONSAGRATO', '|Atbillfiifimo', ',', '&', 'Eccellentifimo', 'Signor', '|', 'IALVISE', '!', '||', 'conrarinI,', 'Fà', ""dell'Ilvfrifi."", '€', 'Ecedientii.Siz.', 'PH', '\\ESTERIO', 'IN', 'VENETIA', '»', 'MDC.', 'mcr', 'Der', 'Froncefco', 'Nicolini.', 'Con', 'Licenza', 'do', 'Sageriori', 'se', 'Eruilegio']"	['venetia']
data_737.json	no_title	1794	[]	[]
data_9.json	no_title	[1834]	"['ADELE,', 'ED', 'EMERICO', 'ossia', 'IL', 'POSTO', 'ABBANDONATO', 'Melo', 'pasa', 'SEMIsENIO', '1', 'DR', 'ATTI', 'NEL', 'TEATRO', '|', 'DI', 'APOLLO', 'IN', 'VENEZIA', 'La', 'Primevera', ""dell'anno"", '183%', 'VENEZIA', 'ELLA', 'EDIT.', 'TIPOGRAFIA', 'RIZZI']"	['venezia', 'venezia']
data_171.json	no_title	1776	"['DA', 'RAPPRZIENTARII', 'i', 'î', 'fÉ', 'sca', 'vomusinvo', 'riemno', '{SDI', 'S.', 'BENEDETTO', 'I', 'neLL', 'AUTUNNO', ""DELL'ANNO"", '1776', ';', 'È', 'MM.', 'DOC.', 'LXXVI,', '}', 'evaczazzaza', 'i', 'AnpRisso', 'Mopzsto', 'Fenzo,', 'i', 'i', 'ii', 'vanagioi', 'i']"	[]
data_634.json	no_title	1691	"['ne', 'es', 'g', '3', ""L'INCORONAZIONE;"", 'È', 'DI', '5', 'SERSE', 'rema', 'per', 'fica', '[Da', 'Rapprefentarii', '‘nel', 'famoto]', 'Teatro', 'Grimano', 'di', 'SanGio:', '|__Grifoftomo', ""l'Anno"", '1691', 'Dl', 'ott', '(O', '|', 'fis', 'o', 'F', 'FIA', '*|', 'CHARLOTT', 'È', '‘Lunchur']"	[]
data_944.json	no_title	1783	"['asa', 'Oni', 'n', '40)', 'E', ',]', 'MESENZ', 'Te', ""D'ETRURIA"", 'DRAMMA', 'PER', 'MUSICA', 'DA', 'RAPPRESENTARSI', 'NEL', 'NOBILISSIMO', 'TEATRO', 'ONIGO', ""D'I"", 'ERIENI', 'STO:', ""L'AUTUNNO"", ""DELL'ANNO"", 'MPCCLEXXITL', 'DEDICATO', 'A', 'SUA', 'ECCELLENZA', 'SG', 'FRANCESCO', 'GRIMANI.', 'FU', 'DE', '£', 'LUNARDO', 'PODESTA"",', 'E', 'CAPITANIO.', '©', 'Bed', 'IN', 'VENEZIA:', 'eZ', '|', 'Y', 'ECCELLENZA;', 'r————m2mttmtÒ@t', 'Ocn', 'ragion', 'volea', 'che', 'fi', 'umi-', '|', 'liaffe', ""all'È.V."", 'il', 'prefente', 'Dram.', 'Ì', 'ma', 'deftinato', '4', '""Portare', 'Spet', '|', '*sacolo', 'Teatrale', ""d'una"", 'Città,', 'la', '|', 'quale', 'con', 'tanta', 'faviezza,', 'e', 'con', '|', '|', '(tanta', 'Giuffizia', 'è', 'da', 'ela', 'governa»', 'Aa', 'ta']"	[]
data_517.json	no_title	1777	"['ISABELLA;', '|', 'E', 'RODRIGO,', '|.', '0', 'SITA', 'di', 'LÀ', 'COSTANZA', 'IN', 'AMORES:', 'DRAMMA', 'GIOCOSO', 'PER', 'MUSICA', 'DI', 'GIOVANNI', 'BERTATI', 'DA', 'RAPPRESENTARSI', ""NEL'TEATRO"", 'DI', 'S.', 'A.', 'SERENISSIMA.', '‘IL', 'SIGNOR', 'PRINCIPE', '©', 'DI', 'CARIGNANO', 'Nell', 'Autunno', ""dell'Anno"", 'MDCCLXXVIL', 'w']"	[]
data_747.json	no_title	[1852]	['LA', 'DUONESSA', 'DE', 'LA', 'VALLIERE', 'MELODRAMMA', 'SERIO', 'DI', 'GIROLAMO', 'MARIA', 'MARINI', 'FRANCESCO', 'PETROCINI', 'pd', 'narrassentani', 'NEL', 'TEATRO.', 'APOLLO', 'DI', 'VENEZIA', 'Il', 'CARNOVALE', '155%']	['venezia']
data_794.json	no_title	1769	"['7', '306007', 'MAMODA', '|', '4769', 'LA', 'MODA', 'DRAMMAGIOCOSO', 'PER', 'MUSICA', 'DI', 'PIETRO', 'CIPRETTI', 'A.P.', 'FIORENTINO', 'AccapEMICO', 'APPATISTA', 'DA', 'RAPPRESENTARSI', 'NEL', 'TEATRO', 'GIUSTINIANI', 'DI', 'S', 'MOISE', '11', 'Carnovale', ""dell'Anno"", 'MDGCLXIX,', 'IN', 'VENEZIA', ',,', 'MDCCLAMX,', 'Aporelfo', 'Modelto', 'CON', 'LICENZE', 'DE', 'SUPENIORI,']"	['venezia']
data_145.json	no_title	1835	"['CARLO', 'DI', 'BORGOGNA', 'aSLODRANNA', 'MONANTICO', 'CARLO', 'DI', 'BORGOGNA', 'aconmia', 'nowusrioo', 'Parole', 'di', 'Gretano', 'Nossi', 'Musica', 'dl', 'cav.', 'Maestro', 'Giovanni', 'Pacini', 'Cenezia', 'mPOGRAFIA', 'DI', 'COMMERCIO', '#6', ',', 'Si', 'Fo.', '0800,', 'Gstioti', 'di', 'Danza', '——tt0m:', ""CONTEST'ANTONIO"", 'ein', 'PALLERINI', 'ANTONIETTA', 'cond', '—', 'RAMACCINI', 'ANTO.', '10.', 'olo', '—', 'VENTURI', 'DAVIDE', 'Primi', 'Ballerini', 'per', 'le', 'Peri', '€', 'Sepplmenti', 'Sei', 'alii', 'Vignb', 'Ria', '|']"	[]
data_187.json	no_title	[1826?]	"['ORO', 'OOO', 'oto', 'OSIO', 'PO', 'b', 'sa', 'ILARIA', 'POIROT', 'I', 'DO', 'RIO', 'DIDONE', 'DmaNitA', 'PEA', 'AtvsIcA', 'DA', 'RAPPARSENTARSE', 'TR', 'UDINE', 'NEL', 'TEATRO:', 'DELLA', 'NOBILE', 'SOGIETÀ', 'ab', 'OCCASIONE', 'DELLA', 'SOLITA', 'PIENA', '2', 'DI', 'AGOSTO', 'ass.', '+', 'Musica', 'del', 'cotobre', 'Manti', '""Serezio', 'Marcansore', 'VENEZIA', 'DALE', 'DI.', 'TIP,', 'RIZZI']"	['udine', 'udine', 'venezia']
data_118.json	no_title	1833	"['BBRATRUAR', 'DI', 'TENDA', 'BEATRICE', 'DI', 'tsODA', '%', 'riesi', 'ici', 'BOE', 'ATTI', 'c', 'pato', ""NEL'GRAN"", 'TEATRO', 'LA', 'FENICE', 'ti', 'camorae', 'e', 'quanaerSnA', '103)', 'del', 'ij', 'M', 'Vincono', 'Bolin']"	[]
data_656.json	no_title	1703	"['POLLAROLI', 'GF', ""L'ODIO"", '£', ""L'AMOR"", '4508', 'ODIO.', 'E', ""L'AMOR:"", 'Drama', 'per', 'Mufica.', 'Da', 'rapprefentarti', 'pel', 'Famofifimo', ""“'eitro"", 'GrimaniinS.Gio.Gri-', '.', '°°""', ""foltomol'Anno"", '1703.', 'IDI', 'MATTEO', 'NORIS.', 'TN', 'VENEZIA,', 'M.', 'DCOCHNI.', 'Appreffo', 'Marino', 'Rofletti.', '1', 'Merceria', ""ll'Infegna"", 'della', 'Pace.', 'Con', 'Licerzade', 'Supariri,', 'e', 'Privilezio»']"	['marino', 'marino', 'marino']
data_266.json	no_title	1827	"['GREP', 'V-d', 'IAA', '12)', 'ngi', 'GIOVANNA', ""D'ARCO"", 'MELO-DRAMMA', 'ROMANTICO', '18', 'QUATTRO', 'PARTI', 'Fresa', 'Li', 'Ros,', 'Plusa', 'di', 'Vact', 'NEL', 'GRAN', 'TEATRO', 'LA', 'FENICE', 'Carnevale', ""dell'dmo"", 'iti.', 'Ù', 'venezia', '&', 'pa']"	['venezia']
data_246.json	no_title	1760	"['GASSMANN', 'RILOSOFIA', 'ED', 'AMORE;', 'DRAMMA', 'GIOCOSO', 'PER', 'MUSICA', 'DI', 'POLISSENO', 'FEGEJO', 'P.', 'A', 'DA', 'Raprararntansi', 'NEL', 'TEATRO', 'GIUSTINIAN', 'DI', 'SMOISE', 'It', 'Canvovate', ""prLi'Axwo"", 'Moctrx.', 'IN', 'VENEZIA,', '(ON', 'LICENZA', ""DE'"", 'SUPERIORI.', 'a']"	[]
data_682.json	no_title	1681	"['SARTORO', 'EZIANI', 'rafiora', '16%', 'ea', '#LA', 'FLORA|#', 'MELODRAMA', 'Da', 'Rapprefentarîì', 'nel', 'Theatro', 'di', ""Sane'Angelo"", 'É', '©', 'Foo', 'res', 'DI', 'NOVELLO', 'BONIS.', 'DEDICATO', ""All'iluRtrife,"", 'Signor', 'g', 'GIO:BATTISTA', '()', 'MORA', 'Patritio', 'Veneto,', '(IN', 'VENETIA,', 'M.DC.', 'DX', 'permetto', 'Nicolini.', '—', 'Gf', 'consone', 'esso', 'va']"	[]
data_285.json	no_title	1722	"[""GL'INGANNI"", 'FELICI', 'Drama', 'per', 'Mufica', 'DA', 'RAPPRESENTARSI', 'Nel', 'nuovo', 'Teatro', 'Giufti-', 'niano', 'in', 'San', 'Moisè.', '1?', 'Astuano', ""dell'Anno"", '32:', 'S', 'TRA', 'IN', 'VENEZIA,', 'MDCCXXIIL', 'ae', 'ic', 'Re', 'ente', 'sz', 'asia', 'sa', 'CON', 'LICENZA', ""DE'"", 'SUPERIORI»']"	[]
